PNG,2,general,speedmeter2,E:/X/dev/ICONS/icon-set01/icon-set01/general/speedmeter2.png
PNG,1,server-parts,SSD1,E:/X/dev/ICONS/icon-set01/icon-set01/server-parts/SSD1.png
PNG,2,server-parts,SSD2,E:/X/dev/ICONS/icon-set01/icon-set01/server-parts/SSD2.png
PNG,2,signs,arrow-half-bidirectional2,E:/X/dev/ICONS/icon-set01/icon-set01/signs/arrow-half-bidirectional2.png
PNG,128,Bebo Badoo Blogger,1-128-Hover,E:/X/dev/ICONS/lifetime-icons-png/PNG/Bebo Badoo Blogger/1-128-Hover.png
PNG,128,Bebo Badoo Blogger,1-128-Pressed,E:/X/dev/ICONS/lifetime-icons-png/PNG/Bebo Badoo Blogger/1-128-Pressed.png
PNG,24,Bebo Badoo Blogger,1-24-Hover,E:/X/dev/ICONS/lifetime-icons-png/PNG/Bebo Badoo Blogger/1-24-Hover.png
PNG,24,Bebo Badoo Blogger,1-24-Pressed,E:/X/dev/ICONS/lifetime-icons-png/PNG/Bebo Badoo Blogger/1-24-Pressed.png
PNG,32,Bebo Badoo Blogger,1-32--Pressed,E:/X/dev/ICONS/lifetime-icons-png/PNG/Bebo Badoo Blogger/1-32--Pressed.png
PNG,32,Bebo Badoo Blogger,1-32-Hover,E:/X/dev/ICONS/lifetime-icons-png/PNG/Bebo Badoo Blogger/1-32-Hover.png
PNG,48,Bebo Badoo Blogger,1-48-Hover,E:/X/dev/ICONS/lifetime-icons-png/PNG/Bebo Badoo Blogger/1-48-Hover.png
PNG,48,Bebo Badoo Blogger,1-48-Pressed,E:/X/dev/ICONS/lifetime-icons-png/PNG/Bebo Badoo Blogger/1-48-Pressed.png
PNG,64,Bebo Badoo Blogger,1-64-Hover,E:/X/dev/ICONS/lifetime-icons-png/PNG/Bebo Badoo Blogger/1-64-Hover.png
PNG,64,Bebo Badoo Blogger,1-64-Pressed,E:/X/dev/ICONS/lifetime-icons-png/PNG/Bebo Badoo Blogger/1-64-Pressed.png
PNG,128,Bebo Badoo Blogger,2-128-Hover,E:/X/dev/ICONS/lifetime-icons-png/PNG/Bebo Badoo Blogger/2-128-Hover.png
PNG,128,Bebo Badoo Blogger,2-128-Pressed,E:/X/dev/ICONS/lifetime-icons-png/PNG/Bebo Badoo Blogger/2-128-Pressed.png
PNG,24,Bebo Badoo Blogger,2-24-Hover,E:/X/dev/ICONS/lifetime-icons-png/PNG/Bebo Badoo Blogger/2-24-Hover.png
PNG,24,Bebo Badoo Blogger,2-24-Pressed,E:/X/dev/ICONS/lifetime-icons-png/PNG/Bebo Badoo Blogger/2-24-Pressed.png
PNG,32,Bebo Badoo Blogger,2-32-Hover,E:/X/dev/ICONS/lifetime-icons-png/PNG/Bebo Badoo Blogger/2-32-Hover.png
PNG,32,Bebo Badoo Blogger,2-32-Pressed,E:/X/dev/ICONS/lifetime-icons-png/PNG/Bebo Badoo Blogger/2-32-Pressed.png
PNG,48,Bebo Badoo Blogger,2-48-Hover,E:/X/dev/ICONS/lifetime-icons-png/PNG/Bebo Badoo Blogger/2-48-Hover.png
PNG,48,Bebo Badoo Blogger,2-48-Pressed,E:/X/dev/ICONS/lifetime-icons-png/PNG/Bebo Badoo Blogger/2-48-Pressed.png
PNG,64,Bebo Badoo Blogger,2-64-Hover,E:/X/dev/ICONS/lifetime-icons-png/PNG/Bebo Badoo Blogger/2-64-Hover.png
PNG,64,Bebo Badoo Blogger,2-64-Pressed,E:/X/dev/ICONS/lifetime-icons-png/PNG/Bebo Badoo Blogger/2-64-Pressed.png
PNG,128,Bebo Badoo Blogger,3-128-Hover,E:/X/dev/ICONS/lifetime-icons-png/PNG/Bebo Badoo Blogger/3-128-Hover.png
PNG,128,Bebo Badoo Blogger,3-128-Pressed,E:/X/dev/ICONS/lifetime-icons-png/PNG/Bebo Badoo Blogger/3-128-Pressed.png
PNG,24,Bebo Badoo Blogger,3-24-Hover,E:/X/dev/ICONS/lifetime-icons-png/PNG/Bebo Badoo Blogger/3-24-Hover.png
PNG,24,Bebo Badoo Blogger,3-24-Pressed,E:/X/dev/ICONS/lifetime-icons-png/PNG/Bebo Badoo Blogger/3-24-Pressed.png
PNG,32,Bebo Badoo Blogger,3-32-Hover,E:/X/dev/ICONS/lifetime-icons-png/PNG/Bebo Badoo Blogger/3-32-Hover.png
PNG,32,Bebo Badoo Blogger,3-32-Pressed,E:/X/dev/ICONS/lifetime-icons-png/PNG/Bebo Badoo Blogger/3-32-Pressed.png
PNG,48,Bebo Badoo Blogger,3-48-Hover,E:/X/dev/ICONS/lifetime-icons-png/PNG/Bebo Badoo Blogger/3-48-Hover.png
PNG,48,Bebo Badoo Blogger,3-48-Pressed,E:/X/dev/ICONS/lifetime-icons-png/PNG/Bebo Badoo Blogger/3-48-Pressed.png
PNG,64,Bebo Badoo Blogger,3-64-Hover,E:/X/dev/ICONS/lifetime-icons-png/PNG/Bebo Badoo Blogger/3-64-Hover.png
PNG,64,Bebo Badoo Blogger,3-64-Pressed,E:/X/dev/ICONS/lifetime-icons-png/PNG/Bebo Badoo Blogger/3-64-Pressed.png
PNG,128,Digg Delicious,2-128-Hover,E:/X/dev/ICONS/lifetime-icons-png/PNG/Digg Delicious/2-128-Hover.png
PNG,128,Digg Delicious,2-128-Pressed,E:/X/dev/ICONS/lifetime-icons-png/PNG/Digg Delicious/2-128-Pressed.png
PNG,24,Digg Delicious,2-24-Hover,E:/X/dev/ICONS/lifetime-icons-png/PNG/Digg Delicious/2-24-Hover.png
PNG,24,Digg Delicious,2-24-Pressed,E:/X/dev/ICONS/lifetime-icons-png/PNG/Digg Delicious/2-24-Pressed.png
PNG,32,Digg Delicious,2-32-Hover,E:/X/dev/ICONS/lifetime-icons-png/PNG/Digg Delicious/2-32-Hover.png
PNG,32,Digg Delicious,2-32-Pressed,E:/X/dev/ICONS/lifetime-icons-png/PNG/Digg Delicious/2-32-Pressed.png
PNG,48,Digg Delicious,2-48-Hover,E:/X/dev/ICONS/lifetime-icons-png/PNG/Digg Delicious/2-48-Hover.png
PNG,48,Digg Delicious,2-48-Pressed,E:/X/dev/ICONS/lifetime-icons-png/PNG/Digg Delicious/2-48-Pressed.png
PNG,64,Digg Delicious,2-64-Hover,E:/X/dev/ICONS/lifetime-icons-png/PNG/Digg Delicious/2-64-Hover.png
PNG,64,Digg Delicious,2-64-Pressed,E:/X/dev/ICONS/lifetime-icons-png/PNG/Digg Delicious/2-64-Pressed.png
PNG,128,Digg Delicious,3-128-Hover,E:/X/dev/ICONS/lifetime-icons-png/PNG/Digg Delicious/3-128-Hover.png
PNG,128,Digg Delicious,3-128-Pressed,E:/X/dev/ICONS/lifetime-icons-png/PNG/Digg Delicious/3-128-Pressed.png
PNG,24,Digg Delicious,3-24-Hover,E:/X/dev/ICONS/lifetime-icons-png/PNG/Digg Delicious/3-24-Hover.png
PNG,24,Digg Delicious,3-24-Pressed,E:/X/dev/ICONS/lifetime-icons-png/PNG/Digg Delicious/3-24-Pressed.png
PNG,32,Digg Delicious,3-32-Hover,E:/X/dev/ICONS/lifetime-icons-png/PNG/Digg Delicious/3-32-Hover.png
PNG,32,Digg Delicious,3-32-Pressed,E:/X/dev/ICONS/lifetime-icons-png/PNG/Digg Delicious/3-32-Pressed.png
PNG,48,Digg Delicious,3-48-Hover,E:/X/dev/ICONS/lifetime-icons-png/PNG/Digg Delicious/3-48-Hover.png
PNG,48,Digg Delicious,3-48-Pressed,E:/X/dev/ICONS/lifetime-icons-png/PNG/Digg Delicious/3-48-Pressed.png
PNG,64,Digg Delicious,3-64-Hover,E:/X/dev/ICONS/lifetime-icons-png/PNG/Digg Delicious/3-64-Hover.png
PNG,64,Digg Delicious,3-64-Pressed,E:/X/dev/ICONS/lifetime-icons-png/PNG/Digg Delicious/3-64-Pressed.png
PNG,128,Fotolog Facebook Flixster,1-128-Hover,E:/X/dev/ICONS/lifetime-icons-png/PNG/Fotolog Facebook Flixster/1-128-Hover.png
PNG,128,Fotolog Facebook Flixster,1-128-Pressed,E:/X/dev/ICONS/lifetime-icons-png/PNG/Fotolog Facebook Flixster/1-128-Pressed.png
PNG,24,Fotolog Facebook Flixster,1-24-Hover,E:/X/dev/ICONS/lifetime-icons-png/PNG/Fotolog Facebook Flixster/1-24-Hover.png
PNG,24,Fotolog Facebook Flixster,1-24-Pressed,E:/X/dev/ICONS/lifetime-icons-png/PNG/Fotolog Facebook Flixster/1-24-Pressed.png
PNG,32,Fotolog Facebook Flixster,1-32--Pressed,E:/X/dev/ICONS/lifetime-icons-png/PNG/Fotolog Facebook Flixster/1-32--Pressed.png
PNG,32,Fotolog Facebook Flixster,1-32-Hover,E:/X/dev/ICONS/lifetime-icons-png/PNG/Fotolog Facebook Flixster/1-32-Hover.png
PNG,48,Fotolog Facebook Flixster,1-48-Hover,E:/X/dev/ICONS/lifetime-icons-png/PNG/Fotolog Facebook Flixster/1-48-Hover.png
PNG,48,Fotolog Facebook Flixster,1-48-Pressed,E:/X/dev/ICONS/lifetime-icons-png/PNG/Fotolog Facebook Flixster/1-48-Pressed.png
PNG,64,Fotolog Facebook Flixster,1-64-Hover,E:/X/dev/ICONS/lifetime-icons-png/PNG/Fotolog Facebook Flixster/1-64-Hover.png
PNG,64,Fotolog Facebook Flixster,1-64-Pressed,E:/X/dev/ICONS/lifetime-icons-png/PNG/Fotolog Facebook Flixster/1-64-Pressed.png
PNG,128,Fotolog Facebook Flixster,2-128-Hover,E:/X/dev/ICONS/lifetime-icons-png/PNG/Fotolog Facebook Flixster/2-128-Hover.png
PNG,128,Fotolog Facebook Flixster,2-128-Pressed,E:/X/dev/ICONS/lifetime-icons-png/PNG/Fotolog Facebook Flixster/2-128-Pressed.png
PNG,24,Fotolog Facebook Flixster,2-24-Hover,E:/X/dev/ICONS/lifetime-icons-png/PNG/Fotolog Facebook Flixster/2-24-Hover.png
PNG,24,Fotolog Facebook Flixster,2-24-Pressed,E:/X/dev/ICONS/lifetime-icons-png/PNG/Fotolog Facebook Flixster/2-24-Pressed.png
PNG,32,Fotolog Facebook Flixster,2-32-Hover,E:/X/dev/ICONS/lifetime-icons-png/PNG/Fotolog Facebook Flixster/2-32-Hover.png
PNG,32,Fotolog Facebook Flixster,2-32-Pressed,E:/X/dev/ICONS/lifetime-icons-png/PNG/Fotolog Facebook Flixster/2-32-Pressed.png
PNG,48,Fotolog Facebook Flixster,2-48-Hover,E:/X/dev/ICONS/lifetime-icons-png/PNG/Fotolog Facebook Flixster/2-48-Hover.png
PNG,48,Fotolog Facebook Flixster,2-48-Pressed,E:/X/dev/ICONS/lifetime-icons-png/PNG/Fotolog Facebook Flixster/2-48-Pressed.png
PNG,64,Fotolog Facebook Flixster,2-64-Hover,E:/X/dev/ICONS/lifetime-icons-png/PNG/Fotolog Facebook Flixster/2-64-Hover.png
PNG,64,Fotolog Facebook Flixster,2-64-Pressed,E:/X/dev/ICONS/lifetime-icons-png/PNG/Fotolog Facebook Flixster/2-64-Pressed.png
PNG,128,Fotolog Facebook Flixster,3-128-Hover,E:/X/dev/ICONS/lifetime-icons-png/PNG/Fotolog Facebook Flixster/3-128-Hover.png
PNG,128,Fotolog Facebook Flixster,3-128-Pressed,E:/X/dev/ICONS/lifetime-icons-png/PNG/Fotolog Facebook Flixster/3-128-Pressed.png
PNG,24,Fotolog Facebook Flixster,3-24-Hover,E:/X/dev/ICONS/lifetime-icons-png/PNG/Fotolog Facebook Flixster/3-24-Hover.png
PNG,24,Fotolog Facebook Flixster,3-24-Pressed,E:/X/dev/ICONS/lifetime-icons-png/PNG/Fotolog Facebook Flixster/3-24-Pressed.png
PNG,32,Fotolog Facebook Flixster,3-32-Hover,E:/X/dev/ICONS/lifetime-icons-png/PNG/Fotolog Facebook Flixster/3-32-Hover.png
PNG,32,Fotolog Facebook Flixster,3-32-Pressed,E:/X/dev/ICONS/lifetime-icons-png/PNG/Fotolog Facebook Flixster/3-32-Pressed.png
PNG,48,Fotolog Facebook Flixster,3-48-Hover,E:/X/dev/ICONS/lifetime-icons-png/PNG/Fotolog Facebook Flixster/3-48-Hover.png
PNG,48,Fotolog Facebook Flixster,3-48-Pressed,E:/X/dev/ICONS/lifetime-icons-png/PNG/Fotolog Facebook Flixster/3-48-Pressed.png
PNG,64,Fotolog Facebook Flixster,3-64-Hover,E:/X/dev/ICONS/lifetime-icons-png/PNG/Fotolog Facebook Flixster/3-64-Hover.png
PNG,64,Fotolog Facebook Flixster,3-64-Pressed,E:/X/dev/ICONS/lifetime-icons-png/PNG/Fotolog Facebook Flixster/3-64-Pressed.png
PNG,128,LastM Hi5,2-128-Hover,E:/X/dev/ICONS/lifetime-icons-png/PNG/LastM Hi5/2-128-Hover.png
PNG,128,LastM Hi5,2-128-Pressed,E:/X/dev/ICONS/lifetime-icons-png/PNG/LastM Hi5/2-128-Pressed.png
PNG,24,LastM Hi5,2-24-Hover,E:/X/dev/ICONS/lifetime-icons-png/PNG/LastM Hi5/2-24-Hover.png
PNG,24,LastM Hi5,2-24-Pressed,E:/X/dev/ICONS/lifetime-icons-png/PNG/LastM Hi5/2-24-Pressed.png
PNG,32,LastM Hi5,2-32-Hover,E:/X/dev/ICONS/lifetime-icons-png/PNG/LastM Hi5/2-32-Hover.png
PNG,32,LastM Hi5,2-32-Pressed,E:/X/dev/ICONS/lifetime-icons-png/PNG/LastM Hi5/2-32-Pressed.png
PNG,48,LastM Hi5,2-48-Hover,E:/X/dev/ICONS/lifetime-icons-png/PNG/LastM Hi5/2-48-Hover.png
PNG,48,LastM Hi5,2-48-Pressed,E:/X/dev/ICONS/lifetime-icons-png/PNG/LastM Hi5/2-48-Pressed.png
PNG,64,LastM Hi5,2-64-Hover,E:/X/dev/ICONS/lifetime-icons-png/PNG/LastM Hi5/2-64-Hover.png
PNG,64,LastM Hi5,2-64-Pressed,E:/X/dev/ICONS/lifetime-icons-png/PNG/LastM Hi5/2-64-Pressed.png
PNG,128,LastM Hi5,3-128-Hover,E:/X/dev/ICONS/lifetime-icons-png/PNG/LastM Hi5/3-128-Hover.png
PNG,128,LastM Hi5,3-128-Pressed,E:/X/dev/ICONS/lifetime-icons-png/PNG/LastM Hi5/3-128-Pressed.png
PNG,24,LastM Hi5,3-24-Hover,E:/X/dev/ICONS/lifetime-icons-png/PNG/LastM Hi5/3-24-Hover.png
PNG,24,LastM Hi5,3-24-Pressed,E:/X/dev/ICONS/lifetime-icons-png/PNG/LastM Hi5/3-24-Pressed.png
PNG,32,LastM Hi5,3-32-Hover,E:/X/dev/ICONS/lifetime-icons-png/PNG/LastM Hi5/3-32-Hover.png
PNG,32,LastM Hi5,3-32-Pressed,E:/X/dev/ICONS/lifetime-icons-png/PNG/LastM Hi5/3-32-Pressed.png
PNG,48,LastM Hi5,3-48-Hover,E:/X/dev/ICONS/lifetime-icons-png/PNG/LastM Hi5/3-48-Hover.png
PNG,48,LastM Hi5,3-48-Pressed,E:/X/dev/ICONS/lifetime-icons-png/PNG/LastM Hi5/3-48-Pressed.png
PNG,64,LastM Hi5,3-64-Hover,E:/X/dev/ICONS/lifetime-icons-png/PNG/LastM Hi5/3-64-Hover.png
PNG,64,LastM Hi5,3-64-Pressed,E:/X/dev/ICONS/lifetime-icons-png/PNG/LastM Hi5/3-64-Pressed.png
PNG,128,MyLife MemoryLane (Classmates),1-128-Hover,E:/X/dev/ICONS/lifetime-icons-png/PNG/MyLife MemoryLane (Classmates)/1-128-Hover.png
PNG,128,MyLife MemoryLane (Classmates),1-128-Pressed,E:/X/dev/ICONS/lifetime-icons-png/PNG/MyLife MemoryLane (Classmates)/1-128-Pressed.png
PNG,24,MyLife MemoryLane (Classmates),1-24-Hover,E:/X/dev/ICONS/lifetime-icons-png/PNG/MyLife MemoryLane (Classmates)/1-24-Hover.png
PNG,24,MyLife MemoryLane (Classmates),1-24-Pressed,E:/X/dev/ICONS/lifetime-icons-png/PNG/MyLife MemoryLane (Classmates)/1-24-Pressed.png
PNG,32,MyLife MemoryLane (Classmates),1-32--Pressed,E:/X/dev/ICONS/lifetime-icons-png/PNG/MyLife MemoryLane (Classmates)/1-32--Pressed.png
PNG,32,MyLife MemoryLane (Classmates),1-32-Hover,E:/X/dev/ICONS/lifetime-icons-png/PNG/MyLife MemoryLane (Classmates)/1-32-Hover.png
PNG,48,MyLife MemoryLane (Classmates),1-48-Hover,E:/X/dev/ICONS/lifetime-icons-png/PNG/MyLife MemoryLane (Classmates)/1-48-Hover.png
PNG,48,MyLife MemoryLane (Classmates),1-48-Pressed,E:/X/dev/ICONS/lifetime-icons-png/PNG/MyLife MemoryLane (Classmates)/1-48-Pressed.png
PNG,64,MyLife MemoryLane (Classmates),1-64-Hover,E:/X/dev/ICONS/lifetime-icons-png/PNG/MyLife MemoryLane (Classmates)/1-64-Hover.png
PNG,64,MyLife MemoryLane (Classmates),1-64-Pressed,E:/X/dev/ICONS/lifetime-icons-png/PNG/MyLife MemoryLane (Classmates)/1-64-Pressed.png
PNG,128,MyLife MemoryLane (Classmates),2-128-Hover,E:/X/dev/ICONS/lifetime-icons-png/PNG/MyLife MemoryLane (Classmates)/2-128-Hover.png
PNG,128,MyLife MemoryLane (Classmates),2-128-Pressed,E:/X/dev/ICONS/lifetime-icons-png/PNG/MyLife MemoryLane (Classmates)/2-128-Pressed.png
PNG,24,MyLife MemoryLane (Classmates),2-24-Hover,E:/X/dev/ICONS/lifetime-icons-png/PNG/MyLife MemoryLane (Classmates)/2-24-Hover.png
PNG,24,MyLife MemoryLane (Classmates),2-24-Pressed,E:/X/dev/ICONS/lifetime-icons-png/PNG/MyLife MemoryLane (Classmates)/2-24-Pressed.png
PNG,32,MyLife MemoryLane (Classmates),2-32-Hover,E:/X/dev/ICONS/lifetime-icons-png/PNG/MyLife MemoryLane (Classmates)/2-32-Hover.png
PNG,32,MyLife MemoryLane (Classmates),2-32-Pressed,E:/X/dev/ICONS/lifetime-icons-png/PNG/MyLife MemoryLane (Classmates)/2-32-Pressed.png
PNG,48,MyLife MemoryLane (Classmates),2-48-Hover,E:/X/dev/ICONS/lifetime-icons-png/PNG/MyLife MemoryLane (Classmates)/2-48-Hover.png
PNG,48,MyLife MemoryLane (Classmates),2-48-Pressed,E:/X/dev/ICONS/lifetime-icons-png/PNG/MyLife MemoryLane (Classmates)/2-48-Pressed.png
PNG,64,MyLife MemoryLane (Classmates),2-64-Hover,E:/X/dev/ICONS/lifetime-icons-png/PNG/MyLife MemoryLane (Classmates)/2-64-Hover.png
PNG,64,MyLife MemoryLane (Classmates),2-64-Pressed,E:/X/dev/ICONS/lifetime-icons-png/PNG/MyLife MemoryLane (Classmates)/2-64-Pressed.png
PNG,128,Netlog MyOpera,2-128-Hover,E:/X/dev/ICONS/lifetime-icons-png/PNG/Netlog MyOpera/2-128-Hover.png
PNG,128,Netlog MyOpera,2-128-Pressed,E:/X/dev/ICONS/lifetime-icons-png/PNG/Netlog MyOpera/2-128-Pressed.png
PNG,24,Netlog MyOpera,2-24-Hover,E:/X/dev/ICONS/lifetime-icons-png/PNG/Netlog MyOpera/2-24-Hover.png
PNG,24,Netlog MyOpera,2-24-Pressed,E:/X/dev/ICONS/lifetime-icons-png/PNG/Netlog MyOpera/2-24-Pressed.png
PNG,32,Netlog MyOpera,2-32-Hover,E:/X/dev/ICONS/lifetime-icons-png/PNG/Netlog MyOpera/2-32-Hover.png
PNG,32,Netlog MyOpera,2-32-Pressed,E:/X/dev/ICONS/lifetime-icons-png/PNG/Netlog MyOpera/2-32-Pressed.png
PNG,48,Netlog MyOpera,2-48-Hover,E:/X/dev/ICONS/lifetime-icons-png/PNG/Netlog MyOpera/2-48-Hover.png
PNG,48,Netlog MyOpera,2-48-Pressed,E:/X/dev/ICONS/lifetime-icons-png/PNG/Netlog MyOpera/2-48-Pressed.png
PNG,64,Netlog MyOpera,2-64-Hover,E:/X/dev/ICONS/lifetime-icons-png/PNG/Netlog MyOpera/2-64-Hover.png
PNG,64,Netlog MyOpera,2-64-Pressed,E:/X/dev/ICONS/lifetime-icons-png/PNG/Netlog MyOpera/2-64-Pressed.png
PNG,128,Netlog MyOpera,3-128-Hover,E:/X/dev/ICONS/lifetime-icons-png/PNG/Netlog MyOpera/3-128-Hover.png
PNG,128,Netlog MyOpera,3-128-Pressed,E:/X/dev/ICONS/lifetime-icons-png/PNG/Netlog MyOpera/3-128-Pressed.png
PNG,24,Netlog MyOpera,3-24-Hover,E:/X/dev/ICONS/lifetime-icons-png/PNG/Netlog MyOpera/3-24-Hover.png
PNG,24,Netlog MyOpera,3-24-Pressed,E:/X/dev/ICONS/lifetime-icons-png/PNG/Netlog MyOpera/3-24-Pressed.png
PNG,32,Netlog MyOpera,3-32-Hover,E:/X/dev/ICONS/lifetime-icons-png/PNG/Netlog MyOpera/3-32-Hover.png
PNG,32,Netlog MyOpera,3-32-Pressed,E:/X/dev/ICONS/lifetime-icons-png/PNG/Netlog MyOpera/3-32-Pressed.png
PNG,48,Netlog MyOpera,3-48-Hover,E:/X/dev/ICONS/lifetime-icons-png/PNG/Netlog MyOpera/3-48-Hover.png
PNG,48,Netlog MyOpera,3-48-Pressed,E:/X/dev/ICONS/lifetime-icons-png/PNG/Netlog MyOpera/3-48-Pressed.png
PNG,64,Netlog MyOpera,3-64-Hover,E:/X/dev/ICONS/lifetime-icons-png/PNG/Netlog MyOpera/3-64-Hover.png
PNG,64,Netlog MyOpera,3-64-Pressed,E:/X/dev/ICONS/lifetime-icons-png/PNG/Netlog MyOpera/3-64-Pressed.png
PNG,128,Ning Orkut Skype,1-128-Hover,E:/X/dev/ICONS/lifetime-icons-png/PNG/Ning Orkut Skype/1-128-Hover.png
PNG,128,Ning Orkut Skype,1-128-Pressed,E:/X/dev/ICONS/lifetime-icons-png/PNG/Ning Orkut Skype/1-128-Pressed.png
PNG,24,Ning Orkut Skype,1-24-Hover,E:/X/dev/ICONS/lifetime-icons-png/PNG/Ning Orkut Skype/1-24-Hover.png
PNG,24,Ning Orkut Skype,1-24-Pressed,E:/X/dev/ICONS/lifetime-icons-png/PNG/Ning Orkut Skype/1-24-Pressed.png
PNG,32,Ning Orkut Skype,1-32--Pressed,E:/X/dev/ICONS/lifetime-icons-png/PNG/Ning Orkut Skype/1-32--Pressed.png
PNG,32,Ning Orkut Skype,1-32-Hover,E:/X/dev/ICONS/lifetime-icons-png/PNG/Ning Orkut Skype/1-32-Hover.png
PNG,48,Ning Orkut Skype,1-48-Hover,E:/X/dev/ICONS/lifetime-icons-png/PNG/Ning Orkut Skype/1-48-Hover.png
PNG,48,Ning Orkut Skype,1-48-Pressed,E:/X/dev/ICONS/lifetime-icons-png/PNG/Ning Orkut Skype/1-48-Pressed.png
PNG,64,Ning Orkut Skype,1-64-Hover,E:/X/dev/ICONS/lifetime-icons-png/PNG/Ning Orkut Skype/1-64-Hover.png
PNG,64,Ning Orkut Skype,1-64-Pressed,E:/X/dev/ICONS/lifetime-icons-png/PNG/Ning Orkut Skype/1-64-Pressed.png
PNG,128,Ning Orkut Skype,2-128-Hover,E:/X/dev/ICONS/lifetime-icons-png/PNG/Ning Orkut Skype/2-128-Hover.png
PNG,128,Ning Orkut Skype,2-128-Pressed,E:/X/dev/ICONS/lifetime-icons-png/PNG/Ning Orkut Skype/2-128-Pressed.png
PNG,24,Ning Orkut Skype,2-24-Hover,E:/X/dev/ICONS/lifetime-icons-png/PNG/Ning Orkut Skype/2-24-Hover.png
PNG,24,Ning Orkut Skype,2-24-Pressed,E:/X/dev/ICONS/lifetime-icons-png/PNG/Ning Orkut Skype/2-24-Pressed.png
PNG,32,Ning Orkut Skype,2-32-Hover,E:/X/dev/ICONS/lifetime-icons-png/PNG/Ning Orkut Skype/2-32-Hover.png
PNG,32,Ning Orkut Skype,2-32-Pressed,E:/X/dev/ICONS/lifetime-icons-png/PNG/Ning Orkut Skype/2-32-Pressed.png
PNG,48,Ning Orkut Skype,2-48-Hover,E:/X/dev/ICONS/lifetime-icons-png/PNG/Ning Orkut Skype/2-48-Hover.png
PNG,48,Ning Orkut Skype,2-48-Pressed,E:/X/dev/ICONS/lifetime-icons-png/PNG/Ning Orkut Skype/2-48-Pressed.png
PNG,64,Ning Orkut Skype,2-64-Hover,E:/X/dev/ICONS/lifetime-icons-png/PNG/Ning Orkut Skype/2-64-Hover.png
PNG,64,Ning Orkut Skype,2-64-Pressed,E:/X/dev/ICONS/lifetime-icons-png/PNG/Ning Orkut Skype/2-64-Pressed.png
PNG,128,Ning Orkut Skype,3-128-Hover,E:/X/dev/ICONS/lifetime-icons-png/PNG/Ning Orkut Skype/3-128-Hover.png
PNG,128,Ning Orkut Skype,3-128-Pressed,E:/X/dev/ICONS/lifetime-icons-png/PNG/Ning Orkut Skype/3-128-Pressed.png
PNG,24,Ning Orkut Skype,3-24-Hover,E:/X/dev/ICONS/lifetime-icons-png/PNG/Ning Orkut Skype/3-24-Hover.png
PNG,24,Ning Orkut Skype,3-24-Pressed,E:/X/dev/ICONS/lifetime-icons-png/PNG/Ning Orkut Skype/3-24-Pressed.png
PNG,32,Ning Orkut Skype,3-32-Hover,E:/X/dev/ICONS/lifetime-icons-png/PNG/Ning Orkut Skype/3-32-Hover.png
PNG,32,Ning Orkut Skype,3-32-Pressed,E:/X/dev/ICONS/lifetime-icons-png/PNG/Ning Orkut Skype/3-32-Pressed.png
PNG,48,Ning Orkut Skype,3-48-Hover,E:/X/dev/ICONS/lifetime-icons-png/PNG/Ning Orkut Skype/3-48-Hover.png
PNG,48,Ning Orkut Skype,3-48-Pressed,E:/X/dev/ICONS/lifetime-icons-png/PNG/Ning Orkut Skype/3-48-Pressed.png
PNG,64,Ning Orkut Skype,3-64-Hover,E:/X/dev/ICONS/lifetime-icons-png/PNG/Ning Orkut Skype/3-64-Hover.png
PNG,64,Ning Orkut Skype,3-64-Pressed,E:/X/dev/ICONS/lifetime-icons-png/PNG/Ning Orkut Skype/3-64-Pressed.png
PNG,128,Technorati Tagged,2-128-Hover,E:/X/dev/ICONS/lifetime-icons-png/PNG/Technorati Tagged/2-128-Hover.png
PNG,128,Technorati Tagged,2-128-Pressed,E:/X/dev/ICONS/lifetime-icons-png/PNG/Technorati Tagged/2-128-Pressed.png
PNG,24,Technorati Tagged,2-24-Hover,E:/X/dev/ICONS/lifetime-icons-png/PNG/Technorati Tagged/2-24-Hover.png
PNG,24,Technorati Tagged,2-24-Pressed,E:/X/dev/ICONS/lifetime-icons-png/PNG/Technorati Tagged/2-24-Pressed.png
PNG,32,Technorati Tagged,2-32-Hover,E:/X/dev/ICONS/lifetime-icons-png/PNG/Technorati Tagged/2-32-Hover.png
PNG,32,Technorati Tagged,2-32-Pressed,E:/X/dev/ICONS/lifetime-icons-png/PNG/Technorati Tagged/2-32-Pressed.png
PNG,48,Technorati Tagged,2-48-Hover,E:/X/dev/ICONS/lifetime-icons-png/PNG/Technorati Tagged/2-48-Hover.png
PNG,48,Technorati Tagged,2-48-Pressed,E:/X/dev/ICONS/lifetime-icons-png/PNG/Technorati Tagged/2-48-Pressed.png
PNG,64,Technorati Tagged,2-64-Hover,E:/X/dev/ICONS/lifetime-icons-png/PNG/Technorati Tagged/2-64-Hover.png
PNG,64,Technorati Tagged,2-64-Pressed,E:/X/dev/ICONS/lifetime-icons-png/PNG/Technorati Tagged/2-64-Pressed.png
PNG,128,Technorati Tagged,3-128-Hover,E:/X/dev/ICONS/lifetime-icons-png/PNG/Technorati Tagged/3-128-Hover.png
PNG,128,Technorati Tagged,3-128-Pressed,E:/X/dev/ICONS/lifetime-icons-png/PNG/Technorati Tagged/3-128-Pressed.png
PNG,24,Technorati Tagged,3-24-Hover,E:/X/dev/ICONS/lifetime-icons-png/PNG/Technorati Tagged/3-24-Hover.png
PNG,24,Technorati Tagged,3-24-Pressed,E:/X/dev/ICONS/lifetime-icons-png/PNG/Technorati Tagged/3-24-Pressed.png
PNG,32,Technorati Tagged,3-32-Hover,E:/X/dev/ICONS/lifetime-icons-png/PNG/Technorati Tagged/3-32-Hover.png
PNG,32,Technorati Tagged,3-32-Pressed,E:/X/dev/ICONS/lifetime-icons-png/PNG/Technorati Tagged/3-32-Pressed.png
PNG,48,Technorati Tagged,3-48-Hover,E:/X/dev/ICONS/lifetime-icons-png/PNG/Technorati Tagged/3-48-Hover.png
PNG,48,Technorati Tagged,3-48-Pressed,E:/X/dev/ICONS/lifetime-icons-png/PNG/Technorati Tagged/3-48-Pressed.png
PNG,64,Technorati Tagged,3-64-Hover,E:/X/dev/ICONS/lifetime-icons-png/PNG/Technorati Tagged/3-64-Hover.png
PNG,64,Technorati Tagged,3-64-Pressed,E:/X/dev/ICONS/lifetime-icons-png/PNG/Technorati Tagged/3-64-Pressed.png
PNG,128,Yahoo Yelp Xing,1-128-Hover,E:/X/dev/ICONS/lifetime-icons-png/PNG/Yahoo Yelp Xing/1-128-Hover.png
PNG,128,Yahoo Yelp Xing,1-128-Pressed,E:/X/dev/ICONS/lifetime-icons-png/PNG/Yahoo Yelp Xing/1-128-Pressed.png
PNG,24,Yahoo Yelp Xing,1-24-Hover,E:/X/dev/ICONS/lifetime-icons-png/PNG/Yahoo Yelp Xing/1-24-Hover.png
PNG,24,Yahoo Yelp Xing,1-24-Pressed,E:/X/dev/ICONS/lifetime-icons-png/PNG/Yahoo Yelp Xing/1-24-Pressed.png
PNG,32,Yahoo Yelp Xing,1-32--Pressed,E:/X/dev/ICONS/lifetime-icons-png/PNG/Yahoo Yelp Xing/1-32--Pressed.png
PNG,32,Yahoo Yelp Xing,1-32-Hover,E:/X/dev/ICONS/lifetime-icons-png/PNG/Yahoo Yelp Xing/1-32-Hover.png
PNG,48,Yahoo Yelp Xing,1-48-Hover,E:/X/dev/ICONS/lifetime-icons-png/PNG/Yahoo Yelp Xing/1-48-Hover.png
PNG,48,Yahoo Yelp Xing,1-48-Pressed,E:/X/dev/ICONS/lifetime-icons-png/PNG/Yahoo Yelp Xing/1-48-Pressed.png
PNG,64,Yahoo Yelp Xing,1-64-Hover,E:/X/dev/ICONS/lifetime-icons-png/PNG/Yahoo Yelp Xing/1-64-Hover.png
PNG,64,Yahoo Yelp Xing,1-64-Pressed,E:/X/dev/ICONS/lifetime-icons-png/PNG/Yahoo Yelp Xing/1-64-Pressed.png
PNG,128,Yahoo Yelp Xing,2-128-Hover,E:/X/dev/ICONS/lifetime-icons-png/PNG/Yahoo Yelp Xing/2-128-Hover.png
PNG,128,Yahoo Yelp Xing,2-128-Pressed,E:/X/dev/ICONS/lifetime-icons-png/PNG/Yahoo Yelp Xing/2-128-Pressed.png
PNG,24,Yahoo Yelp Xing,2-24-Hover,E:/X/dev/ICONS/lifetime-icons-png/PNG/Yahoo Yelp Xing/2-24-Hover.png
PNG,24,Yahoo Yelp Xing,2-24-Pressed,E:/X/dev/ICONS/lifetime-icons-png/PNG/Yahoo Yelp Xing/2-24-Pressed.png
PNG,32,Yahoo Yelp Xing,2-32-Hover,E:/X/dev/ICONS/lifetime-icons-png/PNG/Yahoo Yelp Xing/2-32-Hover.png
PNG,32,Yahoo Yelp Xing,2-32-Pressed,E:/X/dev/ICONS/lifetime-icons-png/PNG/Yahoo Yelp Xing/2-32-Pressed.png
PNG,48,Yahoo Yelp Xing,2-48-Hover,E:/X/dev/ICONS/lifetime-icons-png/PNG/Yahoo Yelp Xing/2-48-Hover.png
PNG,48,Yahoo Yelp Xing,2-48-Pressed,E:/X/dev/ICONS/lifetime-icons-png/PNG/Yahoo Yelp Xing/2-48-Pressed.png
PNG,64,Yahoo Yelp Xing,2-64-Hover,E:/X/dev/ICONS/lifetime-icons-png/PNG/Yahoo Yelp Xing/2-64-Hover.png
PNG,64,Yahoo Yelp Xing,2-64-Pressed,E:/X/dev/ICONS/lifetime-icons-png/PNG/Yahoo Yelp Xing/2-64-Pressed.png
PNG,128,Yahoo Yelp Xing,3-128-Hover,E:/X/dev/ICONS/lifetime-icons-png/PNG/Yahoo Yelp Xing/3-128-Hover.png
PNG,128,Yahoo Yelp Xing,3-128-Pressed,E:/X/dev/ICONS/lifetime-icons-png/PNG/Yahoo Yelp Xing/3-128-Pressed.png
PNG,24,Yahoo Yelp Xing,3-24-Hover,E:/X/dev/ICONS/lifetime-icons-png/PNG/Yahoo Yelp Xing/3-24-Hover.png
PNG,24,Yahoo Yelp Xing,3-24-Pressed,E:/X/dev/ICONS/lifetime-icons-png/PNG/Yahoo Yelp Xing/3-24-Pressed.png
PNG,32,Yahoo Yelp Xing,3-32-Hover,E:/X/dev/ICONS/lifetime-icons-png/PNG/Yahoo Yelp Xing/3-32-Hover.png
PNG,32,Yahoo Yelp Xing,3-32-Pressed,E:/X/dev/ICONS/lifetime-icons-png/PNG/Yahoo Yelp Xing/3-32-Pressed.png
PNG,48,Yahoo Yelp Xing,3-48-Hover,E:/X/dev/ICONS/lifetime-icons-png/PNG/Yahoo Yelp Xing/3-48-Hover.png
PNG,48,Yahoo Yelp Xing,3-48-Pressed,E:/X/dev/ICONS/lifetime-icons-png/PNG/Yahoo Yelp Xing/3-48-Pressed.png
PNG,64,Yahoo Yelp Xing,3-64-Hover,E:/X/dev/ICONS/lifetime-icons-png/PNG/Yahoo Yelp Xing/3-64-Hover.png
PNG,64,Yahoo Yelp Xing,3-64-Pressed,E:/X/dev/ICONS/lifetime-icons-png/PNG/Yahoo Yelp Xing/3-64-Pressed.png
PNG,128,Zorpia Youtube Squidoo,1-128-Hover,E:/X/dev/ICONS/lifetime-icons-png/PNG/Zorpia Youtube Squidoo/1-128-Hover.png
PNG,128,Zorpia Youtube Squidoo,1-128-Pressed,E:/X/dev/ICONS/lifetime-icons-png/PNG/Zorpia Youtube Squidoo/1-128-Pressed.png
PNG,24,Zorpia Youtube Squidoo,1-24-Hover,E:/X/dev/ICONS/lifetime-icons-png/PNG/Zorpia Youtube Squidoo/1-24-Hover.png
PNG,24,Zorpia Youtube Squidoo,1-24-Pressed,E:/X/dev/ICONS/lifetime-icons-png/PNG/Zorpia Youtube Squidoo/1-24-Pressed.png
PNG,32,Zorpia Youtube Squidoo,1-32--Pressed,E:/X/dev/ICONS/lifetime-icons-png/PNG/Zorpia Youtube Squidoo/1-32--Pressed.png
PNG,32,Zorpia Youtube Squidoo,1-32-Hover,E:/X/dev/ICONS/lifetime-icons-png/PNG/Zorpia Youtube Squidoo/1-32-Hover.png
PNG,48,Zorpia Youtube Squidoo,1-48-Hover,E:/X/dev/ICONS/lifetime-icons-png/PNG/Zorpia Youtube Squidoo/1-48-Hover.png
PNG,48,Zorpia Youtube Squidoo,1-48-Pressed,E:/X/dev/ICONS/lifetime-icons-png/PNG/Zorpia Youtube Squidoo/1-48-Pressed.png
PNG,64,Zorpia Youtube Squidoo,1-64-Hover,E:/X/dev/ICONS/lifetime-icons-png/PNG/Zorpia Youtube Squidoo/1-64-Hover.png
PNG,64,Zorpia Youtube Squidoo,1-64-Pressed,E:/X/dev/ICONS/lifetime-icons-png/PNG/Zorpia Youtube Squidoo/1-64-Pressed.png
PNG,128,Zorpia Youtube Squidoo,2-128-Hover,E:/X/dev/ICONS/lifetime-icons-png/PNG/Zorpia Youtube Squidoo/2-128-Hover.png
PNG,128,Zorpia Youtube Squidoo,2-128-Pressed,E:/X/dev/ICONS/lifetime-icons-png/PNG/Zorpia Youtube Squidoo/2-128-Pressed.png
PNG,24,Zorpia Youtube Squidoo,2-24-Hover,E:/X/dev/ICONS/lifetime-icons-png/PNG/Zorpia Youtube Squidoo/2-24-Hover.png
PNG,24,Zorpia Youtube Squidoo,2-24-Pressed,E:/X/dev/ICONS/lifetime-icons-png/PNG/Zorpia Youtube Squidoo/2-24-Pressed.png
PNG,32,Zorpia Youtube Squidoo,2-32-Hover,E:/X/dev/ICONS/lifetime-icons-png/PNG/Zorpia Youtube Squidoo/2-32-Hover.png
PNG,32,Zorpia Youtube Squidoo,2-32-Pressed,E:/X/dev/ICONS/lifetime-icons-png/PNG/Zorpia Youtube Squidoo/2-32-Pressed.png
PNG,48,Zorpia Youtube Squidoo,2-48-Hover,E:/X/dev/ICONS/lifetime-icons-png/PNG/Zorpia Youtube Squidoo/2-48-Hover.png
PNG,48,Zorpia Youtube Squidoo,2-48-Pressed,E:/X/dev/ICONS/lifetime-icons-png/PNG/Zorpia Youtube Squidoo/2-48-Pressed.png
PNG,64,Zorpia Youtube Squidoo,2-64-Hover,E:/X/dev/ICONS/lifetime-icons-png/PNG/Zorpia Youtube Squidoo/2-64-Hover.png
PNG,64,Zorpia Youtube Squidoo,2-64-Pressed,E:/X/dev/ICONS/lifetime-icons-png/PNG/Zorpia Youtube Squidoo/2-64-Pressed.png
PNG,128,Zorpia Youtube Squidoo,3-128-Hover,E:/X/dev/ICONS/lifetime-icons-png/PNG/Zorpia Youtube Squidoo/3-128-Hover.png
PNG,128,Zorpia Youtube Squidoo,3-128-Pressed,E:/X/dev/ICONS/lifetime-icons-png/PNG/Zorpia Youtube Squidoo/3-128-Pressed.png
PNG,24,Zorpia Youtube Squidoo,3-24-Hover,E:/X/dev/ICONS/lifetime-icons-png/PNG/Zorpia Youtube Squidoo/3-24-Hover.png
PNG,24,Zorpia Youtube Squidoo,3-24-Pressed,E:/X/dev/ICONS/lifetime-icons-png/PNG/Zorpia Youtube Squidoo/3-24-Pressed.png
PNG,32,Zorpia Youtube Squidoo,3-32-Hover,E:/X/dev/ICONS/lifetime-icons-png/PNG/Zorpia Youtube Squidoo/3-32-Hover.png
PNG,32,Zorpia Youtube Squidoo,3-32-Pressed,E:/X/dev/ICONS/lifetime-icons-png/PNG/Zorpia Youtube Squidoo/3-32-Pressed.png
PNG,48,Zorpia Youtube Squidoo,3-48-Hover,E:/X/dev/ICONS/lifetime-icons-png/PNG/Zorpia Youtube Squidoo/3-48-Hover.png
PNG,48,Zorpia Youtube Squidoo,3-48-Pressed,E:/X/dev/ICONS/lifetime-icons-png/PNG/Zorpia Youtube Squidoo/3-48-Pressed.png
PNG,64,Zorpia Youtube Squidoo,3-64-Hover,E:/X/dev/ICONS/lifetime-icons-png/PNG/Zorpia Youtube Squidoo/3-64-Hover.png
PNG,64,Zorpia Youtube Squidoo,3-64-Pressed,E:/X/dev/ICONS/lifetime-icons-png/PNG/Zorpia Youtube Squidoo/3-64-Pressed.png
PNG,128,Bebo Badoo Blogger,._1-128-Hover,E:/X/dev/ICONS/lifetime-icons-png/__MACOSX/PNG/Bebo Badoo Blogger/._1-128-Hover.png
PNG,128,Bebo Badoo Blogger,._1-128-Pressed,E:/X/dev/ICONS/lifetime-icons-png/__MACOSX/PNG/Bebo Badoo Blogger/._1-128-Pressed.png
PNG,24,Bebo Badoo Blogger,._1-24-Hover,E:/X/dev/ICONS/lifetime-icons-png/__MACOSX/PNG/Bebo Badoo Blogger/._1-24-Hover.png
PNG,24,Bebo Badoo Blogger,._1-24-Pressed,E:/X/dev/ICONS/lifetime-icons-png/__MACOSX/PNG/Bebo Badoo Blogger/._1-24-Pressed.png
PNG,32,Bebo Badoo Blogger,._1-32-Hover,E:/X/dev/ICONS/lifetime-icons-png/__MACOSX/PNG/Bebo Badoo Blogger/._1-32-Hover.png
PNG,32,Bebo Badoo Blogger,._1-32-Pressed,E:/X/dev/ICONS/lifetime-icons-png/__MACOSX/PNG/Bebo Badoo Blogger/._1-32-Pressed.png
PNG,48,Bebo Badoo Blogger,._1-48-Hover,E:/X/dev/ICONS/lifetime-icons-png/__MACOSX/PNG/Bebo Badoo Blogger/._1-48-Hover.png
PNG,48,Bebo Badoo Blogger,._1-48-Pressed,E:/X/dev/ICONS/lifetime-icons-png/__MACOSX/PNG/Bebo Badoo Blogger/._1-48-Pressed.png
PNG,64,Bebo Badoo Blogger,._1-64-Hover,E:/X/dev/ICONS/lifetime-icons-png/__MACOSX/PNG/Bebo Badoo Blogger/._1-64-Hover.png
PNG,64,Bebo Badoo Blogger,._1-64-Pressed,E:/X/dev/ICONS/lifetime-icons-png/__MACOSX/PNG/Bebo Badoo Blogger/._1-64-Pressed.png
PNG,128,Bebo Badoo Blogger,._2-128-Hover,E:/X/dev/ICONS/lifetime-icons-png/__MACOSX/PNG/Bebo Badoo Blogger/._2-128-Hover.png
PNG,128,Bebo Badoo Blogger,._2-128-Pressed,E:/X/dev/ICONS/lifetime-icons-png/__MACOSX/PNG/Bebo Badoo Blogger/._2-128-Pressed.png
PNG,24,Bebo Badoo Blogger,._2-24-Hover,E:/X/dev/ICONS/lifetime-icons-png/__MACOSX/PNG/Bebo Badoo Blogger/._2-24-Hover.png
PNG,24,Bebo Badoo Blogger,._2-24-Pressed,E:/X/dev/ICONS/lifetime-icons-png/__MACOSX/PNG/Bebo Badoo Blogger/._2-24-Pressed.png
PNG,32,Bebo Badoo Blogger,._2-32-Hover,E:/X/dev/ICONS/lifetime-icons-png/__MACOSX/PNG/Bebo Badoo Blogger/._2-32-Hover.png
PNG,32,Bebo Badoo Blogger,._2-32-Pressed,E:/X/dev/ICONS/lifetime-icons-png/__MACOSX/PNG/Bebo Badoo Blogger/._2-32-Pressed.png
PNG,48,Bebo Badoo Blogger,._2-48-Hover,E:/X/dev/ICONS/lifetime-icons-png/__MACOSX/PNG/Bebo Badoo Blogger/._2-48-Hover.png
PNG,48,Bebo Badoo Blogger,._2-48-Pressed,E:/X/dev/ICONS/lifetime-icons-png/__MACOSX/PNG/Bebo Badoo Blogger/._2-48-Pressed.png
PNG,64,Bebo Badoo Blogger,._2-64-Hover,E:/X/dev/ICONS/lifetime-icons-png/__MACOSX/PNG/Bebo Badoo Blogger/._2-64-Hover.png
PNG,64,Bebo Badoo Blogger,._2-64-Pressed,E:/X/dev/ICONS/lifetime-icons-png/__MACOSX/PNG/Bebo Badoo Blogger/._2-64-Pressed.png
PNG,128,Bebo Badoo Blogger,._3-128-Hover,E:/X/dev/ICONS/lifetime-icons-png/__MACOSX/PNG/Bebo Badoo Blogger/._3-128-Hover.png
PNG,128,Bebo Badoo Blogger,._3-128-Pressed,E:/X/dev/ICONS/lifetime-icons-png/__MACOSX/PNG/Bebo Badoo Blogger/._3-128-Pressed.png
PNG,24,Bebo Badoo Blogger,._3-24-Hover,E:/X/dev/ICONS/lifetime-icons-png/__MACOSX/PNG/Bebo Badoo Blogger/._3-24-Hover.png
PNG,24,Bebo Badoo Blogger,._3-24-Pressed,E:/X/dev/ICONS/lifetime-icons-png/__MACOSX/PNG/Bebo Badoo Blogger/._3-24-Pressed.png
PNG,32,Bebo Badoo Blogger,._3-32-Hover,E:/X/dev/ICONS/lifetime-icons-png/__MACOSX/PNG/Bebo Badoo Blogger/._3-32-Hover.png
PNG,32,Bebo Badoo Blogger,._3-32-Pressed,E:/X/dev/ICONS/lifetime-icons-png/__MACOSX/PNG/Bebo Badoo Blogger/._3-32-Pressed.png
PNG,48,Bebo Badoo Blogger,._3-48-Hover,E:/X/dev/ICONS/lifetime-icons-png/__MACOSX/PNG/Bebo Badoo Blogger/._3-48-Hover.png
PNG,48,Bebo Badoo Blogger,._3-48-Pressed,E:/X/dev/ICONS/lifetime-icons-png/__MACOSX/PNG/Bebo Badoo Blogger/._3-48-Pressed.png
PNG,64,Bebo Badoo Blogger,._3-64-Hover,E:/X/dev/ICONS/lifetime-icons-png/__MACOSX/PNG/Bebo Badoo Blogger/._3-64-Hover.png
PNG,64,Bebo Badoo Blogger,._3-64-Pressed,E:/X/dev/ICONS/lifetime-icons-png/__MACOSX/PNG/Bebo Badoo Blogger/._3-64-Pressed.png
PNG,128,Digg Delicious,._2-128-Hover,E:/X/dev/ICONS/lifetime-icons-png/__MACOSX/PNG/Digg Delicious/._2-128-Hover.png
PNG,128,Digg Delicious,._2-128-Pressed,E:/X/dev/ICONS/lifetime-icons-png/__MACOSX/PNG/Digg Delicious/._2-128-Pressed.png
PNG,24,Digg Delicious,._2-24-Hover,E:/X/dev/ICONS/lifetime-icons-png/__MACOSX/PNG/Digg Delicious/._2-24-Hover.png
PNG,24,Digg Delicious,._2-24-Pressed,E:/X/dev/ICONS/lifetime-icons-png/__MACOSX/PNG/Digg Delicious/._2-24-Pressed.png
PNG,32,Digg Delicious,._2-32-Hover,E:/X/dev/ICONS/lifetime-icons-png/__MACOSX/PNG/Digg Delicious/._2-32-Hover.png
PNG,32,Digg Delicious,._2-32-Pressed,E:/X/dev/ICONS/lifetime-icons-png/__MACOSX/PNG/Digg Delicious/._2-32-Pressed.png
PNG,48,Digg Delicious,._2-48-Hover,E:/X/dev/ICONS/lifetime-icons-png/__MACOSX/PNG/Digg Delicious/._2-48-Hover.png
PNG,48,Digg Delicious,._2-48-Pressed,E:/X/dev/ICONS/lifetime-icons-png/__MACOSX/PNG/Digg Delicious/._2-48-Pressed.png
PNG,64,Digg Delicious,._2-64-Hover,E:/X/dev/ICONS/lifetime-icons-png/__MACOSX/PNG/Digg Delicious/._2-64-Hover.png
PNG,64,Digg Delicious,._2-64-Pressed,E:/X/dev/ICONS/lifetime-icons-png/__MACOSX/PNG/Digg Delicious/._2-64-Pressed.png
PNG,128,Digg Delicious,._3-128-Hover,E:/X/dev/ICONS/lifetime-icons-png/__MACOSX/PNG/Digg Delicious/._3-128-Hover.png
PNG,128,Digg Delicious,._3-128-Pressed,E:/X/dev/ICONS/lifetime-icons-png/__MACOSX/PNG/Digg Delicious/._3-128-Pressed.png
PNG,24,Digg Delicious,._3-24-Hover,E:/X/dev/ICONS/lifetime-icons-png/__MACOSX/PNG/Digg Delicious/._3-24-Hover.png
PNG,24,Digg Delicious,._3-24-Pressed,E:/X/dev/ICONS/lifetime-icons-png/__MACOSX/PNG/Digg Delicious/._3-24-Pressed.png
PNG,32,Digg Delicious,._3-32-Hover,E:/X/dev/ICONS/lifetime-icons-png/__MACOSX/PNG/Digg Delicious/._3-32-Hover.png
PNG,32,Digg Delicious,._3-32-Pressed,E:/X/dev/ICONS/lifetime-icons-png/__MACOSX/PNG/Digg Delicious/._3-32-Pressed.png
PNG,48,Digg Delicious,._3-48-Hover,E:/X/dev/ICONS/lifetime-icons-png/__MACOSX/PNG/Digg Delicious/._3-48-Hover.png
PNG,48,Digg Delicious,._3-48-Pressed,E:/X/dev/ICONS/lifetime-icons-png/__MACOSX/PNG/Digg Delicious/._3-48-Pressed.png
PNG,64,Digg Delicious,._3-64-Hover,E:/X/dev/ICONS/lifetime-icons-png/__MACOSX/PNG/Digg Delicious/._3-64-Hover.png
PNG,64,Digg Delicious,._3-64-Pressed,E:/X/dev/ICONS/lifetime-icons-png/__MACOSX/PNG/Digg Delicious/._3-64-Pressed.png
PNG,128,Fotolog Facebook Flixster,._1-128-Hover,E:/X/dev/ICONS/lifetime-icons-png/__MACOSX/PNG/Fotolog Facebook Flixster/._1-128-Hover.png
PNG,128,Fotolog Facebook Flixster,._1-128-Pressed,E:/X/dev/ICONS/lifetime-icons-png/__MACOSX/PNG/Fotolog Facebook Flixster/._1-128-Pressed.png
PNG,24,Fotolog Facebook Flixster,._1-24-Hover,E:/X/dev/ICONS/lifetime-icons-png/__MACOSX/PNG/Fotolog Facebook Flixster/._1-24-Hover.png
PNG,24,Fotolog Facebook Flixster,._1-24-Pressed,E:/X/dev/ICONS/lifetime-icons-png/__MACOSX/PNG/Fotolog Facebook Flixster/._1-24-Pressed.png
PNG,32,Fotolog Facebook Flixster,._1-32--Pressed,E:/X/dev/ICONS/lifetime-icons-png/__MACOSX/PNG/Fotolog Facebook Flixster/._1-32--Pressed.png
PNG,32,Fotolog Facebook Flixster,._1-32-Hover,E:/X/dev/ICONS/lifetime-icons-png/__MACOSX/PNG/Fotolog Facebook Flixster/._1-32-Hover.png
PNG,48,Fotolog Facebook Flixster,._1-48-Hover,E:/X/dev/ICONS/lifetime-icons-png/__MACOSX/PNG/Fotolog Facebook Flixster/._1-48-Hover.png
PNG,48,Fotolog Facebook Flixster,._1-48-Pressed,E:/X/dev/ICONS/lifetime-icons-png/__MACOSX/PNG/Fotolog Facebook Flixster/._1-48-Pressed.png
PNG,64,Fotolog Facebook Flixster,._1-64-Hover,E:/X/dev/ICONS/lifetime-icons-png/__MACOSX/PNG/Fotolog Facebook Flixster/._1-64-Hover.png
PNG,64,Fotolog Facebook Flixster,._1-64-Pressed,E:/X/dev/ICONS/lifetime-icons-png/__MACOSX/PNG/Fotolog Facebook Flixster/._1-64-Pressed.png
PNG,128,Fotolog Facebook Flixster,._2-128-Hover,E:/X/dev/ICONS/lifetime-icons-png/__MACOSX/PNG/Fotolog Facebook Flixster/._2-128-Hover.png
PNG,128,Fotolog Facebook Flixster,._2-128-Pressed,E:/X/dev/ICONS/lifetime-icons-png/__MACOSX/PNG/Fotolog Facebook Flixster/._2-128-Pressed.png
PNG,24,Fotolog Facebook Flixster,._2-24-Hover,E:/X/dev/ICONS/lifetime-icons-png/__MACOSX/PNG/Fotolog Facebook Flixster/._2-24-Hover.png
PNG,24,Fotolog Facebook Flixster,._2-24-Pressed,E:/X/dev/ICONS/lifetime-icons-png/__MACOSX/PNG/Fotolog Facebook Flixster/._2-24-Pressed.png
PNG,32,Fotolog Facebook Flixster,._2-32-Hover,E:/X/dev/ICONS/lifetime-icons-png/__MACOSX/PNG/Fotolog Facebook Flixster/._2-32-Hover.png
PNG,32,Fotolog Facebook Flixster,._2-32-Pressed,E:/X/dev/ICONS/lifetime-icons-png/__MACOSX/PNG/Fotolog Facebook Flixster/._2-32-Pressed.png
PNG,48,Fotolog Facebook Flixster,._2-48-Hover,E:/X/dev/ICONS/lifetime-icons-png/__MACOSX/PNG/Fotolog Facebook Flixster/._2-48-Hover.png
PNG,48,Fotolog Facebook Flixster,._2-48-Pressed,E:/X/dev/ICONS/lifetime-icons-png/__MACOSX/PNG/Fotolog Facebook Flixster/._2-48-Pressed.png
PNG,64,Fotolog Facebook Flixster,._2-64-Hover,E:/X/dev/ICONS/lifetime-icons-png/__MACOSX/PNG/Fotolog Facebook Flixster/._2-64-Hover.png
PNG,64,Fotolog Facebook Flixster,._2-64-Pressed,E:/X/dev/ICONS/lifetime-icons-png/__MACOSX/PNG/Fotolog Facebook Flixster/._2-64-Pressed.png
PNG,128,Fotolog Facebook Flixster,._3-128-Hover,E:/X/dev/ICONS/lifetime-icons-png/__MACOSX/PNG/Fotolog Facebook Flixster/._3-128-Hover.png
PNG,128,Fotolog Facebook Flixster,._3-128-Pressed,E:/X/dev/ICONS/lifetime-icons-png/__MACOSX/PNG/Fotolog Facebook Flixster/._3-128-Pressed.png
PNG,24,Fotolog Facebook Flixster,._3-24-Hover,E:/X/dev/ICONS/lifetime-icons-png/__MACOSX/PNG/Fotolog Facebook Flixster/._3-24-Hover.png
PNG,24,Fotolog Facebook Flixster,._3-24-Pressed,E:/X/dev/ICONS/lifetime-icons-png/__MACOSX/PNG/Fotolog Facebook Flixster/._3-24-Pressed.png
PNG,32,Fotolog Facebook Flixster,._3-32-Hover,E:/X/dev/ICONS/lifetime-icons-png/__MACOSX/PNG/Fotolog Facebook Flixster/._3-32-Hover.png
PNG,32,Fotolog Facebook Flixster,._3-32-Pressed,E:/X/dev/ICONS/lifetime-icons-png/__MACOSX/PNG/Fotolog Facebook Flixster/._3-32-Pressed.png
PNG,48,Fotolog Facebook Flixster,._3-48-Hover,E:/X/dev/ICONS/lifetime-icons-png/__MACOSX/PNG/Fotolog Facebook Flixster/._3-48-Hover.png
PNG,48,Fotolog Facebook Flixster,._3-48-Pressed,E:/X/dev/ICONS/lifetime-icons-png/__MACOSX/PNG/Fotolog Facebook Flixster/._3-48-Pressed.png
PNG,64,Fotolog Facebook Flixster,._3-64-Hover,E:/X/dev/ICONS/lifetime-icons-png/__MACOSX/PNG/Fotolog Facebook Flixster/._3-64-Hover.png
PNG,64,Fotolog Facebook Flixster,._3-64-Pressed,E:/X/dev/ICONS/lifetime-icons-png/__MACOSX/PNG/Fotolog Facebook Flixster/._3-64-Pressed.png
PNG,128,LastM Hi5,._2-128-Hover,E:/X/dev/ICONS/lifetime-icons-png/__MACOSX/PNG/LastM Hi5/._2-128-Hover.png
PNG,128,LastM Hi5,._2-128-Pressed,E:/X/dev/ICONS/lifetime-icons-png/__MACOSX/PNG/LastM Hi5/._2-128-Pressed.png
PNG,24,LastM Hi5,._2-24-Hover,E:/X/dev/ICONS/lifetime-icons-png/__MACOSX/PNG/LastM Hi5/._2-24-Hover.png
PNG,24,LastM Hi5,._2-24-Pressed,E:/X/dev/ICONS/lifetime-icons-png/__MACOSX/PNG/LastM Hi5/._2-24-Pressed.png
PNG,32,LastM Hi5,._2-32-Hover,E:/X/dev/ICONS/lifetime-icons-png/__MACOSX/PNG/LastM Hi5/._2-32-Hover.png
PNG,32,LastM Hi5,._2-32-Pressed,E:/X/dev/ICONS/lifetime-icons-png/__MACOSX/PNG/LastM Hi5/._2-32-Pressed.png
PNG,48,LastM Hi5,._2-48-Hover,E:/X/dev/ICONS/lifetime-icons-png/__MACOSX/PNG/LastM Hi5/._2-48-Hover.png
PNG,48,LastM Hi5,._2-48-Pressed,E:/X/dev/ICONS/lifetime-icons-png/__MACOSX/PNG/LastM Hi5/._2-48-Pressed.png
PNG,64,LastM Hi5,._2-64-Hover,E:/X/dev/ICONS/lifetime-icons-png/__MACOSX/PNG/LastM Hi5/._2-64-Hover.png
PNG,64,LastM Hi5,._2-64-Pressed,E:/X/dev/ICONS/lifetime-icons-png/__MACOSX/PNG/LastM Hi5/._2-64-Pressed.png
PNG,128,LastM Hi5,._3-128-Hover,E:/X/dev/ICONS/lifetime-icons-png/__MACOSX/PNG/LastM Hi5/._3-128-Hover.png
PNG,128,LastM Hi5,._3-128-Pressed,E:/X/dev/ICONS/lifetime-icons-png/__MACOSX/PNG/LastM Hi5/._3-128-Pressed.png
PNG,24,LastM Hi5,._3-24-Hover,E:/X/dev/ICONS/lifetime-icons-png/__MACOSX/PNG/LastM Hi5/._3-24-Hover.png
PNG,24,LastM Hi5,._3-24-Pressed,E:/X/dev/ICONS/lifetime-icons-png/__MACOSX/PNG/LastM Hi5/._3-24-Pressed.png
PNG,32,LastM Hi5,._3-32-Hover,E:/X/dev/ICONS/lifetime-icons-png/__MACOSX/PNG/LastM Hi5/._3-32-Hover.png
PNG,32,LastM Hi5,._3-32-Pressed,E:/X/dev/ICONS/lifetime-icons-png/__MACOSX/PNG/LastM Hi5/._3-32-Pressed.png
PNG,48,LastM Hi5,._3-48-Hover,E:/X/dev/ICONS/lifetime-icons-png/__MACOSX/PNG/LastM Hi5/._3-48-Hover.png
PNG,48,LastM Hi5,._3-48-Pressed,E:/X/dev/ICONS/lifetime-icons-png/__MACOSX/PNG/LastM Hi5/._3-48-Pressed.png
PNG,64,LastM Hi5,._3-64-Hover,E:/X/dev/ICONS/lifetime-icons-png/__MACOSX/PNG/LastM Hi5/._3-64-Hover.png
PNG,64,LastM Hi5,._3-64-Pressed,E:/X/dev/ICONS/lifetime-icons-png/__MACOSX/PNG/LastM Hi5/._3-64-Pressed.png
PNG,128,MyLife MemoryLane (Classmates),._1-128-Hover,E:/X/dev/ICONS/lifetime-icons-png/__MACOSX/PNG/MyLife MemoryLane (Classmates)/._1-128-Hover.png
PNG,128,MyLife MemoryLane (Classmates),._1-128-Pressed,E:/X/dev/ICONS/lifetime-icons-png/__MACOSX/PNG/MyLife MemoryLane (Classmates)/._1-128-Pressed.png
PNG,24,MyLife MemoryLane (Classmates),._1-24-Hover,E:/X/dev/ICONS/lifetime-icons-png/__MACOSX/PNG/MyLife MemoryLane (Classmates)/._1-24-Hover.png
PNG,24,MyLife MemoryLane (Classmates),._1-24-Pressed,E:/X/dev/ICONS/lifetime-icons-png/__MACOSX/PNG/MyLife MemoryLane (Classmates)/._1-24-Pressed.png
PNG,32,MyLife MemoryLane (Classmates),._1-32--Pressed,E:/X/dev/ICONS/lifetime-icons-png/__MACOSX/PNG/MyLife MemoryLane (Classmates)/._1-32--Pressed.png
PNG,32,MyLife MemoryLane (Classmates),._1-32-Hover,E:/X/dev/ICONS/lifetime-icons-png/__MACOSX/PNG/MyLife MemoryLane (Classmates)/._1-32-Hover.png
PNG,48,MyLife MemoryLane (Classmates),._1-48-Hover,E:/X/dev/ICONS/lifetime-icons-png/__MACOSX/PNG/MyLife MemoryLane (Classmates)/._1-48-Hover.png
PNG,48,MyLife MemoryLane (Classmates),._1-48-Pressed,E:/X/dev/ICONS/lifetime-icons-png/__MACOSX/PNG/MyLife MemoryLane (Classmates)/._1-48-Pressed.png
PNG,64,MyLife MemoryLane (Classmates),._1-64-Hover,E:/X/dev/ICONS/lifetime-icons-png/__MACOSX/PNG/MyLife MemoryLane (Classmates)/._1-64-Hover.png
PNG,64,MyLife MemoryLane (Classmates),._1-64-Pressed,E:/X/dev/ICONS/lifetime-icons-png/__MACOSX/PNG/MyLife MemoryLane (Classmates)/._1-64-Pressed.png
PNG,128,MyLife MemoryLane (Classmates),._2-128-Hover,E:/X/dev/ICONS/lifetime-icons-png/__MACOSX/PNG/MyLife MemoryLane (Classmates)/._2-128-Hover.png
PNG,128,MyLife MemoryLane (Classmates),._2-128-Pressed,E:/X/dev/ICONS/lifetime-icons-png/__MACOSX/PNG/MyLife MemoryLane (Classmates)/._2-128-Pressed.png
PNG,24,MyLife MemoryLane (Classmates),._2-24-Hover,E:/X/dev/ICONS/lifetime-icons-png/__MACOSX/PNG/MyLife MemoryLane (Classmates)/._2-24-Hover.png
PNG,24,MyLife MemoryLane (Classmates),._2-24-Pressed,E:/X/dev/ICONS/lifetime-icons-png/__MACOSX/PNG/MyLife MemoryLane (Classmates)/._2-24-Pressed.png
PNG,32,MyLife MemoryLane (Classmates),._2-32-Hover,E:/X/dev/ICONS/lifetime-icons-png/__MACOSX/PNG/MyLife MemoryLane (Classmates)/._2-32-Hover.png
PNG,32,MyLife MemoryLane (Classmates),._2-32-Pressed,E:/X/dev/ICONS/lifetime-icons-png/__MACOSX/PNG/MyLife MemoryLane (Classmates)/._2-32-Pressed.png
PNG,48,MyLife MemoryLane (Classmates),._2-48-Hover,E:/X/dev/ICONS/lifetime-icons-png/__MACOSX/PNG/MyLife MemoryLane (Classmates)/._2-48-Hover.png
PNG,48,MyLife MemoryLane (Classmates),._2-48-Pressed,E:/X/dev/ICONS/lifetime-icons-png/__MACOSX/PNG/MyLife MemoryLane (Classmates)/._2-48-Pressed.png
PNG,64,MyLife MemoryLane (Classmates),._2-64-Hover,E:/X/dev/ICONS/lifetime-icons-png/__MACOSX/PNG/MyLife MemoryLane (Classmates)/._2-64-Hover.png
PNG,64,MyLife MemoryLane (Classmates),._2-64-Pressed,E:/X/dev/ICONS/lifetime-icons-png/__MACOSX/PNG/MyLife MemoryLane (Classmates)/._2-64-Pressed.png
PNG,128,Netlog MyOpera,._2-128-Hover,E:/X/dev/ICONS/lifetime-icons-png/__MACOSX/PNG/Netlog MyOpera/._2-128-Hover.png
PNG,128,Netlog MyOpera,._2-128-Pressed,E:/X/dev/ICONS/lifetime-icons-png/__MACOSX/PNG/Netlog MyOpera/._2-128-Pressed.png
PNG,24,Netlog MyOpera,._2-24-Hover,E:/X/dev/ICONS/lifetime-icons-png/__MACOSX/PNG/Netlog MyOpera/._2-24-Hover.png
PNG,24,Netlog MyOpera,._2-24-Pressed,E:/X/dev/ICONS/lifetime-icons-png/__MACOSX/PNG/Netlog MyOpera/._2-24-Pressed.png
PNG,32,Netlog MyOpera,._2-32-Hover,E:/X/dev/ICONS/lifetime-icons-png/__MACOSX/PNG/Netlog MyOpera/._2-32-Hover.png
PNG,32,Netlog MyOpera,._2-32-Pressed,E:/X/dev/ICONS/lifetime-icons-png/__MACOSX/PNG/Netlog MyOpera/._2-32-Pressed.png
PNG,48,Netlog MyOpera,._2-48-Hover,E:/X/dev/ICONS/lifetime-icons-png/__MACOSX/PNG/Netlog MyOpera/._2-48-Hover.png
PNG,48,Netlog MyOpera,._2-48-Pressed,E:/X/dev/ICONS/lifetime-icons-png/__MACOSX/PNG/Netlog MyOpera/._2-48-Pressed.png
PNG,64,Netlog MyOpera,._2-64-Hover,E:/X/dev/ICONS/lifetime-icons-png/__MACOSX/PNG/Netlog MyOpera/._2-64-Hover.png
PNG,64,Netlog MyOpera,._2-64-Pressed,E:/X/dev/ICONS/lifetime-icons-png/__MACOSX/PNG/Netlog MyOpera/._2-64-Pressed.png
PNG,128,Netlog MyOpera,._3-128-Hover,E:/X/dev/ICONS/lifetime-icons-png/__MACOSX/PNG/Netlog MyOpera/._3-128-Hover.png
PNG,128,Netlog MyOpera,._3-128-Pressed,E:/X/dev/ICONS/lifetime-icons-png/__MACOSX/PNG/Netlog MyOpera/._3-128-Pressed.png
PNG,24,Netlog MyOpera,._3-24-Hover,E:/X/dev/ICONS/lifetime-icons-png/__MACOSX/PNG/Netlog MyOpera/._3-24-Hover.png
PNG,24,Netlog MyOpera,._3-24-Pressed,E:/X/dev/ICONS/lifetime-icons-png/__MACOSX/PNG/Netlog MyOpera/._3-24-Pressed.png
PNG,32,Netlog MyOpera,._3-32-Hover,E:/X/dev/ICONS/lifetime-icons-png/__MACOSX/PNG/Netlog MyOpera/._3-32-Hover.png
PNG,32,Netlog MyOpera,._3-32-Pressed,E:/X/dev/ICONS/lifetime-icons-png/__MACOSX/PNG/Netlog MyOpera/._3-32-Pressed.png
PNG,48,Netlog MyOpera,._3-48-Hover,E:/X/dev/ICONS/lifetime-icons-png/__MACOSX/PNG/Netlog MyOpera/._3-48-Hover.png
PNG,48,Netlog MyOpera,._3-48-Pressed,E:/X/dev/ICONS/lifetime-icons-png/__MACOSX/PNG/Netlog MyOpera/._3-48-Pressed.png
PNG,64,Netlog MyOpera,._3-64-Hover,E:/X/dev/ICONS/lifetime-icons-png/__MACOSX/PNG/Netlog MyOpera/._3-64-Hover.png
PNG,64,Netlog MyOpera,._3-64-Pressed,E:/X/dev/ICONS/lifetime-icons-png/__MACOSX/PNG/Netlog MyOpera/._3-64-Pressed.png
PNG,128,Ning Orkut Skype,._1-128-Hover,E:/X/dev/ICONS/lifetime-icons-png/__MACOSX/PNG/Ning Orkut Skype/._1-128-Hover.png
PNG,128,Ning Orkut Skype,._1-128-Pressed,E:/X/dev/ICONS/lifetime-icons-png/__MACOSX/PNG/Ning Orkut Skype/._1-128-Pressed.png
PNG,24,Ning Orkut Skype,._1-24-Hover,E:/X/dev/ICONS/lifetime-icons-png/__MACOSX/PNG/Ning Orkut Skype/._1-24-Hover.png
PNG,24,Ning Orkut Skype,._1-24-Pressed,E:/X/dev/ICONS/lifetime-icons-png/__MACOSX/PNG/Ning Orkut Skype/._1-24-Pressed.png
PNG,32,Ning Orkut Skype,._1-32--Pressed,E:/X/dev/ICONS/lifetime-icons-png/__MACOSX/PNG/Ning Orkut Skype/._1-32--Pressed.png
PNG,32,Ning Orkut Skype,._1-32-Hover,E:/X/dev/ICONS/lifetime-icons-png/__MACOSX/PNG/Ning Orkut Skype/._1-32-Hover.png
PNG,48,Ning Orkut Skype,._1-48-Hover,E:/X/dev/ICONS/lifetime-icons-png/__MACOSX/PNG/Ning Orkut Skype/._1-48-Hover.png
PNG,48,Ning Orkut Skype,._1-48-Pressed,E:/X/dev/ICONS/lifetime-icons-png/__MACOSX/PNG/Ning Orkut Skype/._1-48-Pressed.png
PNG,64,Ning Orkut Skype,._1-64-Hover,E:/X/dev/ICONS/lifetime-icons-png/__MACOSX/PNG/Ning Orkut Skype/._1-64-Hover.png
PNG,64,Ning Orkut Skype,._1-64-Pressed,E:/X/dev/ICONS/lifetime-icons-png/__MACOSX/PNG/Ning Orkut Skype/._1-64-Pressed.png
PNG,128,Ning Orkut Skype,._2-128-Hover,E:/X/dev/ICONS/lifetime-icons-png/__MACOSX/PNG/Ning Orkut Skype/._2-128-Hover.png
PNG,128,Ning Orkut Skype,._2-128-Pressed,E:/X/dev/ICONS/lifetime-icons-png/__MACOSX/PNG/Ning Orkut Skype/._2-128-Pressed.png
PNG,24,Ning Orkut Skype,._2-24-Hover,E:/X/dev/ICONS/lifetime-icons-png/__MACOSX/PNG/Ning Orkut Skype/._2-24-Hover.png
PNG,24,Ning Orkut Skype,._2-24-Pressed,E:/X/dev/ICONS/lifetime-icons-png/__MACOSX/PNG/Ning Orkut Skype/._2-24-Pressed.png
PNG,32,Ning Orkut Skype,._2-32-Hover,E:/X/dev/ICONS/lifetime-icons-png/__MACOSX/PNG/Ning Orkut Skype/._2-32-Hover.png
PNG,32,Ning Orkut Skype,._2-32-Pressed,E:/X/dev/ICONS/lifetime-icons-png/__MACOSX/PNG/Ning Orkut Skype/._2-32-Pressed.png
PNG,48,Ning Orkut Skype,._2-48-Hover,E:/X/dev/ICONS/lifetime-icons-png/__MACOSX/PNG/Ning Orkut Skype/._2-48-Hover.png
PNG,48,Ning Orkut Skype,._2-48-Pressed,E:/X/dev/ICONS/lifetime-icons-png/__MACOSX/PNG/Ning Orkut Skype/._2-48-Pressed.png
PNG,64,Ning Orkut Skype,._2-64-Hover,E:/X/dev/ICONS/lifetime-icons-png/__MACOSX/PNG/Ning Orkut Skype/._2-64-Hover.png
PNG,64,Ning Orkut Skype,._2-64-Pressed,E:/X/dev/ICONS/lifetime-icons-png/__MACOSX/PNG/Ning Orkut Skype/._2-64-Pressed.png
PNG,128,Ning Orkut Skype,._3-128-Hover,E:/X/dev/ICONS/lifetime-icons-png/__MACOSX/PNG/Ning Orkut Skype/._3-128-Hover.png
PNG,128,Ning Orkut Skype,._3-128-Pressed,E:/X/dev/ICONS/lifetime-icons-png/__MACOSX/PNG/Ning Orkut Skype/._3-128-Pressed.png
PNG,24,Ning Orkut Skype,._3-24-Hover,E:/X/dev/ICONS/lifetime-icons-png/__MACOSX/PNG/Ning Orkut Skype/._3-24-Hover.png
PNG,24,Ning Orkut Skype,._3-24-Pressed,E:/X/dev/ICONS/lifetime-icons-png/__MACOSX/PNG/Ning Orkut Skype/._3-24-Pressed.png
PNG,32,Ning Orkut Skype,._3-32-Hover,E:/X/dev/ICONS/lifetime-icons-png/__MACOSX/PNG/Ning Orkut Skype/._3-32-Hover.png
PNG,32,Ning Orkut Skype,._3-32-Pressed,E:/X/dev/ICONS/lifetime-icons-png/__MACOSX/PNG/Ning Orkut Skype/._3-32-Pressed.png
PNG,48,Ning Orkut Skype,._3-48-Hover,E:/X/dev/ICONS/lifetime-icons-png/__MACOSX/PNG/Ning Orkut Skype/._3-48-Hover.png
PNG,48,Ning Orkut Skype,._3-48-Pressed,E:/X/dev/ICONS/lifetime-icons-png/__MACOSX/PNG/Ning Orkut Skype/._3-48-Pressed.png
PNG,64,Ning Orkut Skype,._3-64-Hover,E:/X/dev/ICONS/lifetime-icons-png/__MACOSX/PNG/Ning Orkut Skype/._3-64-Hover.png
PNG,64,Ning Orkut Skype,._3-64-Pressed,E:/X/dev/ICONS/lifetime-icons-png/__MACOSX/PNG/Ning Orkut Skype/._3-64-Pressed.png
PNG,128,Technorati Tagged,._2-128-Hover,E:/X/dev/ICONS/lifetime-icons-png/__MACOSX/PNG/Technorati Tagged/._2-128-Hover.png
PNG,128,Technorati Tagged,._2-128-Pressed,E:/X/dev/ICONS/lifetime-icons-png/__MACOSX/PNG/Technorati Tagged/._2-128-Pressed.png
PNG,24,Technorati Tagged,._2-24-Hover,E:/X/dev/ICONS/lifetime-icons-png/__MACOSX/PNG/Technorati Tagged/._2-24-Hover.png
PNG,24,Technorati Tagged,._2-24-Pressed,E:/X/dev/ICONS/lifetime-icons-png/__MACOSX/PNG/Technorati Tagged/._2-24-Pressed.png
PNG,32,Technorati Tagged,._2-32-Hover,E:/X/dev/ICONS/lifetime-icons-png/__MACOSX/PNG/Technorati Tagged/._2-32-Hover.png
PNG,32,Technorati Tagged,._2-32-Pressed,E:/X/dev/ICONS/lifetime-icons-png/__MACOSX/PNG/Technorati Tagged/._2-32-Pressed.png
PNG,48,Technorati Tagged,._2-48-Hover,E:/X/dev/ICONS/lifetime-icons-png/__MACOSX/PNG/Technorati Tagged/._2-48-Hover.png
PNG,48,Technorati Tagged,._2-48-Pressed,E:/X/dev/ICONS/lifetime-icons-png/__MACOSX/PNG/Technorati Tagged/._2-48-Pressed.png
PNG,64,Technorati Tagged,._2-64-Hover,E:/X/dev/ICONS/lifetime-icons-png/__MACOSX/PNG/Technorati Tagged/._2-64-Hover.png
PNG,64,Technorati Tagged,._2-64-Pressed,E:/X/dev/ICONS/lifetime-icons-png/__MACOSX/PNG/Technorati Tagged/._2-64-Pressed.png
PNG,128,Technorati Tagged,._3-128-Hover,E:/X/dev/ICONS/lifetime-icons-png/__MACOSX/PNG/Technorati Tagged/._3-128-Hover.png
PNG,128,Technorati Tagged,._3-128-Pressed,E:/X/dev/ICONS/lifetime-icons-png/__MACOSX/PNG/Technorati Tagged/._3-128-Pressed.png
PNG,24,Technorati Tagged,._3-24-Hover,E:/X/dev/ICONS/lifetime-icons-png/__MACOSX/PNG/Technorati Tagged/._3-24-Hover.png
PNG,24,Technorati Tagged,._3-24-Pressed,E:/X/dev/ICONS/lifetime-icons-png/__MACOSX/PNG/Technorati Tagged/._3-24-Pressed.png
PNG,32,Technorati Tagged,._3-32-Hover,E:/X/dev/ICONS/lifetime-icons-png/__MACOSX/PNG/Technorati Tagged/._3-32-Hover.png
PNG,32,Technorati Tagged,._3-32-Pressed,E:/X/dev/ICONS/lifetime-icons-png/__MACOSX/PNG/Technorati Tagged/._3-32-Pressed.png
PNG,48,Technorati Tagged,._3-48-Hover,E:/X/dev/ICONS/lifetime-icons-png/__MACOSX/PNG/Technorati Tagged/._3-48-Hover.png
PNG,48,Technorati Tagged,._3-48-Pressed,E:/X/dev/ICONS/lifetime-icons-png/__MACOSX/PNG/Technorati Tagged/._3-48-Pressed.png
PNG,64,Technorati Tagged,._3-64-Hover,E:/X/dev/ICONS/lifetime-icons-png/__MACOSX/PNG/Technorati Tagged/._3-64-Hover.png
PNG,64,Technorati Tagged,._3-64-Pressed,E:/X/dev/ICONS/lifetime-icons-png/__MACOSX/PNG/Technorati Tagged/._3-64-Pressed.png
PNG,128,Yahoo Yelp Xing,._1-128-Hover,E:/X/dev/ICONS/lifetime-icons-png/__MACOSX/PNG/Yahoo Yelp Xing/._1-128-Hover.png
PNG,128,Yahoo Yelp Xing,._1-128-Pressed,E:/X/dev/ICONS/lifetime-icons-png/__MACOSX/PNG/Yahoo Yelp Xing/._1-128-Pressed.png
PNG,24,Yahoo Yelp Xing,._1-24-Hover,E:/X/dev/ICONS/lifetime-icons-png/__MACOSX/PNG/Yahoo Yelp Xing/._1-24-Hover.png
PNG,24,Yahoo Yelp Xing,._1-24-Pressed,E:/X/dev/ICONS/lifetime-icons-png/__MACOSX/PNG/Yahoo Yelp Xing/._1-24-Pressed.png
PNG,32,Yahoo Yelp Xing,._1-32--Pressed,E:/X/dev/ICONS/lifetime-icons-png/__MACOSX/PNG/Yahoo Yelp Xing/._1-32--Pressed.png
PNG,32,Yahoo Yelp Xing,._1-32-Hover,E:/X/dev/ICONS/lifetime-icons-png/__MACOSX/PNG/Yahoo Yelp Xing/._1-32-Hover.png
PNG,48,Yahoo Yelp Xing,._1-48-Hover,E:/X/dev/ICONS/lifetime-icons-png/__MACOSX/PNG/Yahoo Yelp Xing/._1-48-Hover.png
PNG,48,Yahoo Yelp Xing,._1-48-Pressed,E:/X/dev/ICONS/lifetime-icons-png/__MACOSX/PNG/Yahoo Yelp Xing/._1-48-Pressed.png
PNG,64,Yahoo Yelp Xing,._1-64-Hover,E:/X/dev/ICONS/lifetime-icons-png/__MACOSX/PNG/Yahoo Yelp Xing/._1-64-Hover.png
PNG,64,Yahoo Yelp Xing,._1-64-Pressed,E:/X/dev/ICONS/lifetime-icons-png/__MACOSX/PNG/Yahoo Yelp Xing/._1-64-Pressed.png
PNG,128,Yahoo Yelp Xing,._2-128-Hover,E:/X/dev/ICONS/lifetime-icons-png/__MACOSX/PNG/Yahoo Yelp Xing/._2-128-Hover.png
PNG,128,Yahoo Yelp Xing,._2-128-Pressed,E:/X/dev/ICONS/lifetime-icons-png/__MACOSX/PNG/Yahoo Yelp Xing/._2-128-Pressed.png
PNG,24,Yahoo Yelp Xing,._2-24-Hover,E:/X/dev/ICONS/lifetime-icons-png/__MACOSX/PNG/Yahoo Yelp Xing/._2-24-Hover.png
PNG,24,Yahoo Yelp Xing,._2-24-Pressed,E:/X/dev/ICONS/lifetime-icons-png/__MACOSX/PNG/Yahoo Yelp Xing/._2-24-Pressed.png
PNG,32,Yahoo Yelp Xing,._2-32-Hover,E:/X/dev/ICONS/lifetime-icons-png/__MACOSX/PNG/Yahoo Yelp Xing/._2-32-Hover.png
PNG,32,Yahoo Yelp Xing,._2-32-Pressed,E:/X/dev/ICONS/lifetime-icons-png/__MACOSX/PNG/Yahoo Yelp Xing/._2-32-Pressed.png
PNG,48,Yahoo Yelp Xing,._2-48-Hover,E:/X/dev/ICONS/lifetime-icons-png/__MACOSX/PNG/Yahoo Yelp Xing/._2-48-Hover.png
PNG,48,Yahoo Yelp Xing,._2-48-Pressed,E:/X/dev/ICONS/lifetime-icons-png/__MACOSX/PNG/Yahoo Yelp Xing/._2-48-Pressed.png
PNG,64,Yahoo Yelp Xing,._2-64-Hover,E:/X/dev/ICONS/lifetime-icons-png/__MACOSX/PNG/Yahoo Yelp Xing/._2-64-Hover.png
PNG,64,Yahoo Yelp Xing,._2-64-Pressed,E:/X/dev/ICONS/lifetime-icons-png/__MACOSX/PNG/Yahoo Yelp Xing/._2-64-Pressed.png
PNG,128,Yahoo Yelp Xing,._3-128-Hover,E:/X/dev/ICONS/lifetime-icons-png/__MACOSX/PNG/Yahoo Yelp Xing/._3-128-Hover.png
PNG,128,Yahoo Yelp Xing,._3-128-Pressed,E:/X/dev/ICONS/lifetime-icons-png/__MACOSX/PNG/Yahoo Yelp Xing/._3-128-Pressed.png
PNG,24,Yahoo Yelp Xing,._3-24-Hover,E:/X/dev/ICONS/lifetime-icons-png/__MACOSX/PNG/Yahoo Yelp Xing/._3-24-Hover.png
PNG,24,Yahoo Yelp Xing,._3-24-Pressed,E:/X/dev/ICONS/lifetime-icons-png/__MACOSX/PNG/Yahoo Yelp Xing/._3-24-Pressed.png
PNG,32,Yahoo Yelp Xing,._3-32-Hover,E:/X/dev/ICONS/lifetime-icons-png/__MACOSX/PNG/Yahoo Yelp Xing/._3-32-Hover.png
PNG,32,Yahoo Yelp Xing,._3-32-Pressed,E:/X/dev/ICONS/lifetime-icons-png/__MACOSX/PNG/Yahoo Yelp Xing/._3-32-Pressed.png
PNG,48,Yahoo Yelp Xing,._3-48-Hover,E:/X/dev/ICONS/lifetime-icons-png/__MACOSX/PNG/Yahoo Yelp Xing/._3-48-Hover.png
PNG,48,Yahoo Yelp Xing,._3-48-Pressed,E:/X/dev/ICONS/lifetime-icons-png/__MACOSX/PNG/Yahoo Yelp Xing/._3-48-Pressed.png
PNG,64,Yahoo Yelp Xing,._3-64-Hover,E:/X/dev/ICONS/lifetime-icons-png/__MACOSX/PNG/Yahoo Yelp Xing/._3-64-Hover.png
PNG,64,Yahoo Yelp Xing,._3-64-Pressed,E:/X/dev/ICONS/lifetime-icons-png/__MACOSX/PNG/Yahoo Yelp Xing/._3-64-Pressed.png
PNG,128,Zorpia Youtube Squidoo,._1-128-Hover,E:/X/dev/ICONS/lifetime-icons-png/__MACOSX/PNG/Zorpia Youtube Squidoo/._1-128-Hover.png
PNG,128,Zorpia Youtube Squidoo,._1-128-Pressed,E:/X/dev/ICONS/lifetime-icons-png/__MACOSX/PNG/Zorpia Youtube Squidoo/._1-128-Pressed.png
PNG,24,Zorpia Youtube Squidoo,._1-24-Hover,E:/X/dev/ICONS/lifetime-icons-png/__MACOSX/PNG/Zorpia Youtube Squidoo/._1-24-Hover.png
PNG,24,Zorpia Youtube Squidoo,._1-24-Pressed,E:/X/dev/ICONS/lifetime-icons-png/__MACOSX/PNG/Zorpia Youtube Squidoo/._1-24-Pressed.png
PNG,32,Zorpia Youtube Squidoo,._1-32--Pressed,E:/X/dev/ICONS/lifetime-icons-png/__MACOSX/PNG/Zorpia Youtube Squidoo/._1-32--Pressed.png
PNG,32,Zorpia Youtube Squidoo,._1-32-Hover,E:/X/dev/ICONS/lifetime-icons-png/__MACOSX/PNG/Zorpia Youtube Squidoo/._1-32-Hover.png
PNG,48,Zorpia Youtube Squidoo,._1-48-Hover,E:/X/dev/ICONS/lifetime-icons-png/__MACOSX/PNG/Zorpia Youtube Squidoo/._1-48-Hover.png
PNG,48,Zorpia Youtube Squidoo,._1-48-Pressed,E:/X/dev/ICONS/lifetime-icons-png/__MACOSX/PNG/Zorpia Youtube Squidoo/._1-48-Pressed.png
PNG,64,Zorpia Youtube Squidoo,._1-64-Hover,E:/X/dev/ICONS/lifetime-icons-png/__MACOSX/PNG/Zorpia Youtube Squidoo/._1-64-Hover.png
PNG,64,Zorpia Youtube Squidoo,._1-64-Pressed,E:/X/dev/ICONS/lifetime-icons-png/__MACOSX/PNG/Zorpia Youtube Squidoo/._1-64-Pressed.png
PNG,128,Zorpia Youtube Squidoo,._2-128-Hover,E:/X/dev/ICONS/lifetime-icons-png/__MACOSX/PNG/Zorpia Youtube Squidoo/._2-128-Hover.png
PNG,128,Zorpia Youtube Squidoo,._2-128-Pressed,E:/X/dev/ICONS/lifetime-icons-png/__MACOSX/PNG/Zorpia Youtube Squidoo/._2-128-Pressed.png
PNG,24,Zorpia Youtube Squidoo,._2-24-Hover,E:/X/dev/ICONS/lifetime-icons-png/__MACOSX/PNG/Zorpia Youtube Squidoo/._2-24-Hover.png
PNG,24,Zorpia Youtube Squidoo,._2-24-Pressed,E:/X/dev/ICONS/lifetime-icons-png/__MACOSX/PNG/Zorpia Youtube Squidoo/._2-24-Pressed.png
PNG,32,Zorpia Youtube Squidoo,._2-32-Hover,E:/X/dev/ICONS/lifetime-icons-png/__MACOSX/PNG/Zorpia Youtube Squidoo/._2-32-Hover.png
PNG,32,Zorpia Youtube Squidoo,._2-32-Pressed,E:/X/dev/ICONS/lifetime-icons-png/__MACOSX/PNG/Zorpia Youtube Squidoo/._2-32-Pressed.png
PNG,48,Zorpia Youtube Squidoo,._2-48-Hover,E:/X/dev/ICONS/lifetime-icons-png/__MACOSX/PNG/Zorpia Youtube Squidoo/._2-48-Hover.png
PNG,48,Zorpia Youtube Squidoo,._2-48-Pressed,E:/X/dev/ICONS/lifetime-icons-png/__MACOSX/PNG/Zorpia Youtube Squidoo/._2-48-Pressed.png
PNG,64,Zorpia Youtube Squidoo,._2-64-Hover,E:/X/dev/ICONS/lifetime-icons-png/__MACOSX/PNG/Zorpia Youtube Squidoo/._2-64-Hover.png
PNG,64,Zorpia Youtube Squidoo,._2-64-Pressed,E:/X/dev/ICONS/lifetime-icons-png/__MACOSX/PNG/Zorpia Youtube Squidoo/._2-64-Pressed.png
PNG,128,Zorpia Youtube Squidoo,._3-128-Hover,E:/X/dev/ICONS/lifetime-icons-png/__MACOSX/PNG/Zorpia Youtube Squidoo/._3-128-Hover.png
PNG,128,Zorpia Youtube Squidoo,._3-128-Pressed,E:/X/dev/ICONS/lifetime-icons-png/__MACOSX/PNG/Zorpia Youtube Squidoo/._3-128-Pressed.png
PNG,24,Zorpia Youtube Squidoo,._3-24-Hover,E:/X/dev/ICONS/lifetime-icons-png/__MACOSX/PNG/Zorpia Youtube Squidoo/._3-24-Hover.png
PNG,24,Zorpia Youtube Squidoo,._3-24-Pressed,E:/X/dev/ICONS/lifetime-icons-png/__MACOSX/PNG/Zorpia Youtube Squidoo/._3-24-Pressed.png
PNG,32,Zorpia Youtube Squidoo,._3-32-Hover,E:/X/dev/ICONS/lifetime-icons-png/__MACOSX/PNG/Zorpia Youtube Squidoo/._3-32-Hover.png
PNG,32,Zorpia Youtube Squidoo,._3-32-Pressed,E:/X/dev/ICONS/lifetime-icons-png/__MACOSX/PNG/Zorpia Youtube Squidoo/._3-32-Pressed.png
PNG,48,Zorpia Youtube Squidoo,._3-48-Hover,E:/X/dev/ICONS/lifetime-icons-png/__MACOSX/PNG/Zorpia Youtube Squidoo/._3-48-Hover.png
PNG,48,Zorpia Youtube Squidoo,._3-48-Pressed,E:/X/dev/ICONS/lifetime-icons-png/__MACOSX/PNG/Zorpia Youtube Squidoo/._3-48-Pressed.png
PNG,64,Zorpia Youtube Squidoo,._3-64-Hover,E:/X/dev/ICONS/lifetime-icons-png/__MACOSX/PNG/Zorpia Youtube Squidoo/._3-64-Hover.png
PNG,64,Zorpia Youtube Squidoo,._3-64-Pressed,E:/X/dev/ICONS/lifetime-icons-png/__MACOSX/PNG/Zorpia Youtube Squidoo/._3-64-Pressed.png
PNG,16,Add,Add_16x16,E:/X/dev/ICONS/must_have_icons_icons_pack_120704/must_have_icon_set/Add/Add_16x16.png
PNG,24,Add,Add_24x24,E:/X/dev/ICONS/must_have_icons_icons_pack_120704/must_have_icon_set/Add/Add_24x24.png
PNG,256,Add,Add_256x256,E:/X/dev/ICONS/must_have_icons_icons_pack_120704/must_have_icon_set/Add/Add_256x256.png
PNG,32,Add,Add_32x32,E:/X/dev/ICONS/must_have_icons_icons_pack_120704/must_have_icon_set/Add/Add_32x32.png
PNG,48,Add,Add_48x48,E:/X/dev/ICONS/must_have_icons_icons_pack_120704/must_have_icon_set/Add/Add_48x48.png
PNG,16,Archive,Archive_16x16,E:/X/dev/ICONS/must_have_icons_icons_pack_120704/must_have_icon_set/Archive/Archive_16x16.png
PNG,24,Archive,Archive_24x24,E:/X/dev/ICONS/must_have_icons_icons_pack_120704/must_have_icon_set/Archive/Archive_24x24.png
PNG,256,Archive,Archive_256x256,E:/X/dev/ICONS/must_have_icons_icons_pack_120704/must_have_icon_set/Archive/Archive_256x256.png
PNG,32,Archive,Archive_32x32,E:/X/dev/ICONS/must_have_icons_icons_pack_120704/must_have_icon_set/Archive/Archive_32x32.png
PNG,48,Archive,Archive_48x48,E:/X/dev/ICONS/must_have_icons_icons_pack_120704/must_have_icon_set/Archive/Archive_48x48.png
PNG,16,Audio Disk,Audio Disk_16x16,E:/X/dev/ICONS/must_have_icons_icons_pack_120704/must_have_icon_set/Audio Disk/Audio Disk_16x16.png
PNG,24,Audio Disk,Audio Disk_24x24,E:/X/dev/ICONS/must_have_icons_icons_pack_120704/must_have_icon_set/Audio Disk/Audio Disk_24x24.png
PNG,256,Audio Disk,Audio Disk_256x256,E:/X/dev/ICONS/must_have_icons_icons_pack_120704/must_have_icon_set/Audio Disk/Audio Disk_256x256.png
PNG,32,Audio Disk,Audio Disk_32x32,E:/X/dev/ICONS/must_have_icons_icons_pack_120704/must_have_icon_set/Audio Disk/Audio Disk_32x32.png
PNG,48,Audio Disk,Audio Disk_48x48,E:/X/dev/ICONS/must_have_icons_icons_pack_120704/must_have_icon_set/Audio Disk/Audio Disk_48x48.png
PNG,16,Burn Disk,Burn Disk_16x16,E:/X/dev/ICONS/must_have_icons_icons_pack_120704/must_have_icon_set/Burn Disk/Burn Disk_16x16.png
PNG,24,Burn Disk,Burn Disk_24x24,E:/X/dev/ICONS/must_have_icons_icons_pack_120704/must_have_icon_set/Burn Disk/Burn Disk_24x24.png
PNG,256,Burn Disk,Burn Disk_256x256,E:/X/dev/ICONS/must_have_icons_icons_pack_120704/must_have_icon_set/Burn Disk/Burn Disk_256x256.png
PNG,32,Burn Disk,Burn Disk_32x32,E:/X/dev/ICONS/must_have_icons_icons_pack_120704/must_have_icon_set/Burn Disk/Burn Disk_32x32.png
PNG,48,Burn Disk,Burn Disk_48x48,E:/X/dev/ICONS/must_have_icons_icons_pack_120704/must_have_icon_set/Burn Disk/Burn Disk_48x48.png
PNG,16,Calendar,Calendar_16x16,E:/X/dev/ICONS/must_have_icons_icons_pack_120704/must_have_icon_set/Calendar/Calendar_16x16.png
PNG,24,Calendar,Calendar_24x24,E:/X/dev/ICONS/must_have_icons_icons_pack_120704/must_have_icon_set/Calendar/Calendar_24x24.png
PNG,256,Calendar,Calendar_256x256,E:/X/dev/ICONS/must_have_icons_icons_pack_120704/must_have_icon_set/Calendar/Calendar_256x256.png
PNG,32,Calendar,Calendar_32x32,E:/X/dev/ICONS/must_have_icons_icons_pack_120704/must_have_icon_set/Calendar/Calendar_32x32.png
PNG,48,Calendar,Calendar_48x48,E:/X/dev/ICONS/must_have_icons_icons_pack_120704/must_have_icon_set/Calendar/Calendar_48x48.png
PNG,16,Cancel,Cancel_16x16,E:/X/dev/ICONS/must_have_icons_icons_pack_120704/must_have_icon_set/Cancel/Cancel_16x16.png
PNG,24,Cancel,Cancel_24x24,E:/X/dev/ICONS/must_have_icons_icons_pack_120704/must_have_icon_set/Cancel/Cancel_24x24.png
PNG,256,Cancel,Cancel_256x256,E:/X/dev/ICONS/must_have_icons_icons_pack_120704/must_have_icon_set/Cancel/Cancel_256x256.png
PNG,32,Cancel,Cancel_32x32,E:/X/dev/ICONS/must_have_icons_icons_pack_120704/must_have_icon_set/Cancel/Cancel_32x32.png
PNG,48,Cancel,Cancel_48x48,E:/X/dev/ICONS/must_have_icons_icons_pack_120704/must_have_icon_set/Cancel/Cancel_48x48.png
PNG,16,Check,Check_16x16,E:/X/dev/ICONS/must_have_icons_icons_pack_120704/must_have_icon_set/Check/Check_16x16.png
PNG,24,Check,Check_24x24,E:/X/dev/ICONS/must_have_icons_icons_pack_120704/must_have_icon_set/Check/Check_24x24.png
PNG,256,Check,Check_256x256,E:/X/dev/ICONS/must_have_icons_icons_pack_120704/must_have_icon_set/Check/Check_256x256.png
PNG,32,Check,Check_32x32,E:/X/dev/ICONS/must_have_icons_icons_pack_120704/must_have_icon_set/Check/Check_32x32.png
PNG,48,Check,Check_48x48,E:/X/dev/ICONS/must_have_icons_icons_pack_120704/must_have_icon_set/Check/Check_48x48.png
PNG,16,Compact Disk,Compact Disk_16x16,E:/X/dev/ICONS/must_have_icons_icons_pack_120704/must_have_icon_set/Compact Disk/Compact Disk_16x16.png
PNG,24,Compact Disk,Compact Disk_24x24,E:/X/dev/ICONS/must_have_icons_icons_pack_120704/must_have_icon_set/Compact Disk/Compact Disk_24x24.png
PNG,256,Compact Disk,Compact Disk_256x256,E:/X/dev/ICONS/must_have_icons_icons_pack_120704/must_have_icon_set/Compact Disk/Compact Disk_256x256.png
PNG,32,Compact Disk,Compact Disk_32x32,E:/X/dev/ICONS/must_have_icons_icons_pack_120704/must_have_icon_set/Compact Disk/Compact Disk_32x32.png
PNG,48,Compact Disk,Compact Disk_48x48,E:/X/dev/ICONS/must_have_icons_icons_pack_120704/must_have_icon_set/Compact Disk/Compact Disk_48x48.png
PNG,16,Copy,Copy_16x16,E:/X/dev/ICONS/must_have_icons_icons_pack_120704/must_have_icon_set/Copy/Copy_16x16.png
PNG,24,Copy,Copy_24x24,E:/X/dev/ICONS/must_have_icons_icons_pack_120704/must_have_icon_set/Copy/Copy_24x24.png
PNG,256,Copy,Copy_256x256,E:/X/dev/ICONS/must_have_icons_icons_pack_120704/must_have_icon_set/Copy/Copy_256x256.png
PNG,32,Copy,Copy_32x32,E:/X/dev/ICONS/must_have_icons_icons_pack_120704/must_have_icon_set/Copy/Copy_32x32.png
PNG,48,Copy,Copy_48x48,E:/X/dev/ICONS/must_have_icons_icons_pack_120704/must_have_icon_set/Copy/Copy_48x48.png
PNG,16,Copy v2,Copy v2_16x16,E:/X/dev/ICONS/must_have_icons_icons_pack_120704/must_have_icon_set/Copy v2/Copy v2_16x16.png
PNG,24,Copy v2,Copy v2_24x24,E:/X/dev/ICONS/must_have_icons_icons_pack_120704/must_have_icon_set/Copy v2/Copy v2_24x24.png
PNG,256,Copy v2,Copy v2_256x256,E:/X/dev/ICONS/must_have_icons_icons_pack_120704/must_have_icon_set/Copy v2/Copy v2_256x256.png
PNG,32,Copy v2,Copy v2_32x32,E:/X/dev/ICONS/must_have_icons_icons_pack_120704/must_have_icon_set/Copy v2/Copy v2_32x32.png
PNG,48,Copy v2,Copy v2_48x48,E:/X/dev/ICONS/must_have_icons_icons_pack_120704/must_have_icon_set/Copy v2/Copy v2_48x48.png
PNG,16,Cut,Cut_16x16,E:/X/dev/ICONS/must_have_icons_icons_pack_120704/must_have_icon_set/Cut/Cut_16x16.png
PNG,24,Cut,Cut_24x24,E:/X/dev/ICONS/must_have_icons_icons_pack_120704/must_have_icon_set/Cut/Cut_24x24.png
PNG,256,Cut,Cut_256x256,E:/X/dev/ICONS/must_have_icons_icons_pack_120704/must_have_icon_set/Cut/Cut_256x256.png
PNG,32,Cut,Cut_32x32,E:/X/dev/ICONS/must_have_icons_icons_pack_120704/must_have_icon_set/Cut/Cut_32x32.png
PNG,48,Cut,Cut_48x48,E:/X/dev/ICONS/must_have_icons_icons_pack_120704/must_have_icon_set/Cut/Cut_48x48.png
PNG,16,Delete,Delete_16x16,E:/X/dev/ICONS/must_have_icons_icons_pack_120704/must_have_icon_set/Delete/Delete_16x16.png
PNG,24,Delete,Delete_24x24,E:/X/dev/ICONS/must_have_icons_icons_pack_120704/must_have_icon_set/Delete/Delete_24x24.png
PNG,256,Delete,Delete_256x256,E:/X/dev/ICONS/must_have_icons_icons_pack_120704/must_have_icon_set/Delete/Delete_256x256.png
PNG,32,Delete,Delete_32x32,E:/X/dev/ICONS/must_have_icons_icons_pack_120704/must_have_icon_set/Delete/Delete_32x32.png
PNG,48,Delete,Delete_48x48,E:/X/dev/ICONS/must_have_icons_icons_pack_120704/must_have_icon_set/Delete/Delete_48x48.png
PNG,16,Download,Download_16x16,E:/X/dev/ICONS/must_have_icons_icons_pack_120704/must_have_icon_set/Download/Download_16x16.png
PNG,24,Download,Download_24x24,E:/X/dev/ICONS/must_have_icons_icons_pack_120704/must_have_icon_set/Download/Download_24x24.png
PNG,256,Download,Download_256x256,E:/X/dev/ICONS/must_have_icons_icons_pack_120704/must_have_icon_set/Download/Download_256x256.png
PNG,32,Download,Download_32x32,E:/X/dev/ICONS/must_have_icons_icons_pack_120704/must_have_icon_set/Download/Download_32x32.png
PNG,48,Download,Download_48x48,E:/X/dev/ICONS/must_have_icons_icons_pack_120704/must_have_icon_set/Download/Download_48x48.png
PNG,16,DVD Disk,DVD Disk_16x16,E:/X/dev/ICONS/must_have_icons_icons_pack_120704/must_have_icon_set/DVD Disk/DVD Disk_16x16.png
PNG,24,DVD Disk,DVD Disk_24x24,E:/X/dev/ICONS/must_have_icons_icons_pack_120704/must_have_icon_set/DVD Disk/DVD Disk_24x24.png
PNG,256,DVD Disk,DVD Disk_256x256,E:/X/dev/ICONS/must_have_icons_icons_pack_120704/must_have_icon_set/DVD Disk/DVD Disk_256x256.png
PNG,32,DVD Disk,DVD Disk_32x32,E:/X/dev/ICONS/must_have_icons_icons_pack_120704/must_have_icon_set/DVD Disk/DVD Disk_32x32.png
PNG,48,DVD Disk,DVD Disk_48x48,E:/X/dev/ICONS/must_have_icons_icons_pack_120704/must_have_icon_set/DVD Disk/DVD Disk_48x48.png
PNG,16,Edit,Edit_16x16,E:/X/dev/ICONS/must_have_icons_icons_pack_120704/must_have_icon_set/Edit/Edit_16x16.png
PNG,24,Edit,Edit_24x24,E:/X/dev/ICONS/must_have_icons_icons_pack_120704/must_have_icon_set/Edit/Edit_24x24.png
PNG,256,Edit,Edit_256x256,E:/X/dev/ICONS/must_have_icons_icons_pack_120704/must_have_icon_set/Edit/Edit_256x256.png
PNG,32,Edit,Edit_32x32,E:/X/dev/ICONS/must_have_icons_icons_pack_120704/must_have_icon_set/Edit/Edit_32x32.png
PNG,48,Edit,Edit_48x48,E:/X/dev/ICONS/must_have_icons_icons_pack_120704/must_have_icon_set/Edit/Edit_48x48.png
PNG,16,Favorites,Favorites_16x16,E:/X/dev/ICONS/must_have_icons_icons_pack_120704/must_have_icon_set/Favorites/Favorites_16x16.png
PNG,24,Favorites,Favorites_24x24,E:/X/dev/ICONS/must_have_icons_icons_pack_120704/must_have_icon_set/Favorites/Favorites_24x24.png
PNG,256,Favorites,Favorites_256x256,E:/X/dev/ICONS/must_have_icons_icons_pack_120704/must_have_icon_set/Favorites/Favorites_256x256.png
PNG,32,Favorites,Favorites_32x32,E:/X/dev/ICONS/must_have_icons_icons_pack_120704/must_have_icon_set/Favorites/Favorites_32x32.png
PNG,48,Favorites,Favorites_48x48,E:/X/dev/ICONS/must_have_icons_icons_pack_120704/must_have_icon_set/Favorites/Favorites_48x48.png
PNG,16,Find,Find_16x16,E:/X/dev/ICONS/must_have_icons_icons_pack_120704/must_have_icon_set/Find/Find_16x16.png
PNG,24,Find,Find_24x24,E:/X/dev/ICONS/must_have_icons_icons_pack_120704/must_have_icon_set/Find/Find_24x24.png
PNG,256,Find,Find_256x256,E:/X/dev/ICONS/must_have_icons_icons_pack_120704/must_have_icon_set/Find/Find_256x256.png
PNG,32,Find,Find_32x32,E:/X/dev/ICONS/must_have_icons_icons_pack_120704/must_have_icon_set/Find/Find_32x32.png
PNG,48,Find,Find_48x48,E:/X/dev/ICONS/must_have_icons_icons_pack_120704/must_have_icon_set/Find/Find_48x48.png
PNG,16,Flash Disk,Flash Disk_16x16,E:/X/dev/ICONS/must_have_icons_icons_pack_120704/must_have_icon_set/Flash Disk/Flash Disk_16x16.png
PNG,24,Flash Disk,Flash Disk_24x24,E:/X/dev/ICONS/must_have_icons_icons_pack_120704/must_have_icon_set/Flash Disk/Flash Disk_24x24.png
PNG,256,Flash Disk,Flash Disk_256x256,E:/X/dev/ICONS/must_have_icons_icons_pack_120704/must_have_icon_set/Flash Disk/Flash Disk_256x256.png
PNG,32,Flash Disk,Flash Disk_32x32,E:/X/dev/ICONS/must_have_icons_icons_pack_120704/must_have_icon_set/Flash Disk/Flash Disk_32x32.png
PNG,48,Flash Disk,Flash Disk_48x48,E:/X/dev/ICONS/must_have_icons_icons_pack_120704/must_have_icon_set/Flash Disk/Flash Disk_48x48.png
PNG,16,Folder,Folder_16x16,E:/X/dev/ICONS/must_have_icons_icons_pack_120704/must_have_icon_set/Folder/Folder_16x16.png
PNG,24,Folder,Folder_24x24,E:/X/dev/ICONS/must_have_icons_icons_pack_120704/must_have_icon_set/Folder/Folder_24x24.png
PNG,256,Folder,Folder_256x256,E:/X/dev/ICONS/must_have_icons_icons_pack_120704/must_have_icon_set/Folder/Folder_256x256.png
PNG,32,Folder,Folder_32x32,E:/X/dev/ICONS/must_have_icons_icons_pack_120704/must_have_icon_set/Folder/Folder_32x32.png
PNG,48,Folder,Folder_48x48,E:/X/dev/ICONS/must_have_icons_icons_pack_120704/must_have_icon_set/Folder/Folder_48x48.png
PNG,16,Forward,Forward_16x16,E:/X/dev/ICONS/must_have_icons_icons_pack_120704/must_have_icon_set/Forward/Forward_16x16.png
PNG,24,Forward,Forward_24x24,E:/X/dev/ICONS/must_have_icons_icons_pack_120704/must_have_icon_set/Forward/Forward_24x24.png
PNG,256,Forward,Forward_256x256,E:/X/dev/ICONS/must_have_icons_icons_pack_120704/must_have_icon_set/Forward/Forward_256x256.png
PNG,32,Forward,Forward_32x32,E:/X/dev/ICONS/must_have_icons_icons_pack_120704/must_have_icon_set/Forward/Forward_32x32.png
PNG,48,Forward,Forward_48x48,E:/X/dev/ICONS/must_have_icons_icons_pack_120704/must_have_icon_set/Forward/Forward_48x48.png
PNG,16,Globe,Globe_16x16,E:/X/dev/ICONS/must_have_icons_icons_pack_120704/must_have_icon_set/Globe/Globe_16x16.png
PNG,24,Globe,Globe_24x24,E:/X/dev/ICONS/must_have_icons_icons_pack_120704/must_have_icon_set/Globe/Globe_24x24.png
PNG,256,Globe,Globe_256x256,E:/X/dev/ICONS/must_have_icons_icons_pack_120704/must_have_icon_set/Globe/Globe_256x256.png
PNG,32,Globe,Globe_32x32,E:/X/dev/ICONS/must_have_icons_icons_pack_120704/must_have_icon_set/Globe/Globe_32x32.png
PNG,48,Globe,Globe_48x48,E:/X/dev/ICONS/must_have_icons_icons_pack_120704/must_have_icon_set/Globe/Globe_48x48.png
PNG,16,Hard Disk,Hard Disk_16x16,E:/X/dev/ICONS/must_have_icons_icons_pack_120704/must_have_icon_set/Hard Disk/Hard Disk_16x16.png
PNG,24,Hard Disk,Hard Disk_24x24,E:/X/dev/ICONS/must_have_icons_icons_pack_120704/must_have_icon_set/Hard Disk/Hard Disk_24x24.png
PNG,256,Hard Disk,Hard Disk_256x256,E:/X/dev/ICONS/must_have_icons_icons_pack_120704/must_have_icon_set/Hard Disk/Hard Disk_256x256.png
PNG,32,Hard Disk,Hard Disk_32x32,E:/X/dev/ICONS/must_have_icons_icons_pack_120704/must_have_icon_set/Hard Disk/Hard Disk_32x32.png
PNG,48,Hard Disk,Hard Disk_48x48,E:/X/dev/ICONS/must_have_icons_icons_pack_120704/must_have_icon_set/Hard Disk/Hard Disk_48x48.png
PNG,16,Help,Help_16x16,E:/X/dev/ICONS/must_have_icons_icons_pack_120704/must_have_icon_set/Help/Help_16x16.png
PNG,24,Help,Help_24x24,E:/X/dev/ICONS/must_have_icons_icons_pack_120704/must_have_icon_set/Help/Help_24x24.png
PNG,256,Help,Help_256x256,E:/X/dev/ICONS/must_have_icons_icons_pack_120704/must_have_icon_set/Help/Help_256x256.png
PNG,32,Help,Help_32x32,E:/X/dev/ICONS/must_have_icons_icons_pack_120704/must_have_icon_set/Help/Help_32x32.png
PNG,48,Help,Help_48x48,E:/X/dev/ICONS/must_have_icons_icons_pack_120704/must_have_icon_set/Help/Help_48x48.png
PNG,16,Information,Information_16x16,E:/X/dev/ICONS/must_have_icons_icons_pack_120704/must_have_icon_set/Information/Information_16x16.png
PNG,24,Information,Information_24x24,E:/X/dev/ICONS/must_have_icons_icons_pack_120704/must_have_icon_set/Information/Information_24x24.png
PNG,256,Information,Information_256x256,E:/X/dev/ICONS/must_have_icons_icons_pack_120704/must_have_icon_set/Information/Information_256x256.png
PNG,32,Information,Information_32x32,E:/X/dev/ICONS/must_have_icons_icons_pack_120704/must_have_icon_set/Information/Information_32x32.png
PNG,48,Information,Information_48x48,E:/X/dev/ICONS/must_have_icons_icons_pack_120704/must_have_icon_set/Information/Information_48x48.png
PNG,16,Key,Key_16x16,E:/X/dev/ICONS/must_have_icons_icons_pack_120704/must_have_icon_set/Key/Key_16x16.png
PNG,24,Key,Key_24x24,E:/X/dev/ICONS/must_have_icons_icons_pack_120704/must_have_icon_set/Key/Key_24x24.png
PNG,256,Key,Key_256x256,E:/X/dev/ICONS/must_have_icons_icons_pack_120704/must_have_icon_set/Key/Key_256x256.png
PNG,32,Key,Key_32x32,E:/X/dev/ICONS/must_have_icons_icons_pack_120704/must_have_icon_set/Key/Key_32x32.png
PNG,48,Key,Key_48x48,E:/X/dev/ICONS/must_have_icons_icons_pack_120704/must_have_icon_set/Key/Key_48x48.png
PNG,16,Log Out,Log Out_16x16,E:/X/dev/ICONS/must_have_icons_icons_pack_120704/must_have_icon_set/Log Out/Log Out_16x16.png
PNG,24,Log Out,Log Out_24x24,E:/X/dev/ICONS/must_have_icons_icons_pack_120704/must_have_icon_set/Log Out/Log Out_24x24.png
PNG,256,Log Out,Log Out_256x256,E:/X/dev/ICONS/must_have_icons_icons_pack_120704/must_have_icon_set/Log Out/Log Out_256x256.png
PNG,32,Log Out,Log Out_32x32,E:/X/dev/ICONS/must_have_icons_icons_pack_120704/must_have_icon_set/Log Out/Log Out_32x32.png
PNG,48,Log Out,Log Out_48x48,E:/X/dev/ICONS/must_have_icons_icons_pack_120704/must_have_icon_set/Log Out/Log Out_48x48.png
PNG,16,Mail,Mail_16x16,E:/X/dev/ICONS/must_have_icons_icons_pack_120704/must_have_icon_set/Mail/Mail_16x16.png
PNG,24,Mail,Mail_24x24,E:/X/dev/ICONS/must_have_icons_icons_pack_120704/must_have_icon_set/Mail/Mail_24x24.png
PNG,256,Mail,Mail_256x256,E:/X/dev/ICONS/must_have_icons_icons_pack_120704/must_have_icon_set/Mail/Mail_256x256.png
PNG,32,Mail,Mail_32x32,E:/X/dev/ICONS/must_have_icons_icons_pack_120704/must_have_icon_set/Mail/Mail_32x32.png
PNG,48,Mail,Mail_48x48,E:/X/dev/ICONS/must_have_icons_icons_pack_120704/must_have_icon_set/Mail/Mail_48x48.png
PNG,16,Negative,Negative_16x16,E:/X/dev/ICONS/must_have_icons_icons_pack_120704/must_have_icon_set/Negative/Negative_16x16.png
PNG,24,Negative,Negative_24x24,E:/X/dev/ICONS/must_have_icons_icons_pack_120704/must_have_icon_set/Negative/Negative_24x24.png
PNG,256,Negative,Negative_256x256,E:/X/dev/ICONS/must_have_icons_icons_pack_120704/must_have_icon_set/Negative/Negative_256x256.png
PNG,32,Negative,Negative_32x32,E:/X/dev/ICONS/must_have_icons_icons_pack_120704/must_have_icon_set/Negative/Negative_32x32.png
PNG,48,Negative,Negative_48x48,E:/X/dev/ICONS/must_have_icons_icons_pack_120704/must_have_icon_set/Negative/Negative_48x48.png
PNG,16,New,New_16x16,E:/X/dev/ICONS/must_have_icons_icons_pack_120704/must_have_icon_set/New/New_16x16.png
PNG,24,New,New_24x24,E:/X/dev/ICONS/must_have_icons_icons_pack_120704/must_have_icon_set/New/New_24x24.png
PNG,256,New,New_256x256,E:/X/dev/ICONS/must_have_icons_icons_pack_120704/must_have_icon_set/New/New_256x256.png
PNG,32,New,New_32x32,E:/X/dev/ICONS/must_have_icons_icons_pack_120704/must_have_icon_set/New/New_32x32.png
PNG,48,New,New_48x48,E:/X/dev/ICONS/must_have_icons_icons_pack_120704/must_have_icon_set/New/New_48x48.png
PNG,16,Next,Next_16x16,E:/X/dev/ICONS/must_have_icons_icons_pack_120704/must_have_icon_set/Next/Next_16x16.png
PNG,24,Next,Next_24x24,E:/X/dev/ICONS/must_have_icons_icons_pack_120704/must_have_icon_set/Next/Next_24x24.png
PNG,256,Next,Next_256x256,E:/X/dev/ICONS/must_have_icons_icons_pack_120704/must_have_icon_set/Next/Next_256x256.png
PNG,32,Next,Next_32x32,E:/X/dev/ICONS/must_have_icons_icons_pack_120704/must_have_icon_set/Next/Next_32x32.png
PNG,48,Next,Next_48x48,E:/X/dev/ICONS/must_have_icons_icons_pack_120704/must_have_icon_set/Next/Next_48x48.png
PNG,16,Open,Open_16x16,E:/X/dev/ICONS/must_have_icons_icons_pack_120704/must_have_icon_set/Open/Open_16x16.png
PNG,24,Open,Open_24x24,E:/X/dev/ICONS/must_have_icons_icons_pack_120704/must_have_icon_set/Open/Open_24x24.png
PNG,256,Open,Open_256x256,E:/X/dev/ICONS/must_have_icons_icons_pack_120704/must_have_icon_set/Open/Open_256x256.png
PNG,32,Open,Open_32x32,E:/X/dev/ICONS/must_have_icons_icons_pack_120704/must_have_icon_set/Open/Open_32x32.png
PNG,48,Open,Open_48x48,E:/X/dev/ICONS/must_have_icons_icons_pack_120704/must_have_icon_set/Open/Open_48x48.png
PNG,16,Paste,Paste_16x16,E:/X/dev/ICONS/must_have_icons_icons_pack_120704/must_have_icon_set/Paste/Paste_16x16.png
PNG,24,Paste,Paste_24x24,E:/X/dev/ICONS/must_have_icons_icons_pack_120704/must_have_icon_set/Paste/Paste_24x24.png
PNG,256,Paste,Paste_256x256,E:/X/dev/ICONS/must_have_icons_icons_pack_120704/must_have_icon_set/Paste/Paste_256x256.png
PNG,32,Paste,Paste_32x32,E:/X/dev/ICONS/must_have_icons_icons_pack_120704/must_have_icon_set/Paste/Paste_32x32.png
PNG,48,Paste,Paste_48x48,E:/X/dev/ICONS/must_have_icons_icons_pack_120704/must_have_icon_set/Paste/Paste_48x48.png
PNG,16,Pause,Pause_16x16,E:/X/dev/ICONS/must_have_icons_icons_pack_120704/must_have_icon_set/Pause/Pause_16x16.png
PNG,24,Pause,Pause_24x24,E:/X/dev/ICONS/must_have_icons_icons_pack_120704/must_have_icon_set/Pause/Pause_24x24.png
PNG,256,Pause,Pause_256x256,E:/X/dev/ICONS/must_have_icons_icons_pack_120704/must_have_icon_set/Pause/Pause_256x256.png
PNG,32,Pause,Pause_32x32,E:/X/dev/ICONS/must_have_icons_icons_pack_120704/must_have_icon_set/Pause/Pause_32x32.png
PNG,48,Pause,Pause_48x48,E:/X/dev/ICONS/must_have_icons_icons_pack_120704/must_have_icon_set/Pause/Pause_48x48.png
PNG,16,Picture,Picture_16x16,E:/X/dev/ICONS/must_have_icons_icons_pack_120704/must_have_icon_set/Picture/Picture_16x16.png
PNG,24,Picture,Picture_24x24,E:/X/dev/ICONS/must_have_icons_icons_pack_120704/must_have_icon_set/Picture/Picture_24x24.png
PNG,256,Picture,Picture_256x256,E:/X/dev/ICONS/must_have_icons_icons_pack_120704/must_have_icon_set/Picture/Picture_256x256.png
PNG,32,Picture,Picture_32x32,E:/X/dev/ICONS/must_have_icons_icons_pack_120704/must_have_icon_set/Picture/Picture_32x32.png
PNG,48,Picture,Picture_48x48,E:/X/dev/ICONS/must_have_icons_icons_pack_120704/must_have_icon_set/Picture/Picture_48x48.png
PNG,16,Play,Play_16x16,E:/X/dev/ICONS/must_have_icons_icons_pack_120704/must_have_icon_set/Play/Play_16x16.png
PNG,24,Play,Play_24x24,E:/X/dev/ICONS/must_have_icons_icons_pack_120704/must_have_icon_set/Play/Play_24x24.png
PNG,256,Play,Play_256x256,E:/X/dev/ICONS/must_have_icons_icons_pack_120704/must_have_icon_set/Play/Play_256x256.png
PNG,32,Play,Play_32x32,E:/X/dev/ICONS/must_have_icons_icons_pack_120704/must_have_icon_set/Play/Play_32x32.png
PNG,48,Play,Play_48x48,E:/X/dev/ICONS/must_have_icons_icons_pack_120704/must_have_icon_set/Play/Play_48x48.png
PNG,16,Positive,Positive_16x16,E:/X/dev/ICONS/must_have_icons_icons_pack_120704/must_have_icon_set/Positive/Positive_16x16.png
PNG,24,Positive,Positive_24x24,E:/X/dev/ICONS/must_have_icons_icons_pack_120704/must_have_icon_set/Positive/Positive_24x24.png
PNG,256,Positive,Positive_256x256,E:/X/dev/ICONS/must_have_icons_icons_pack_120704/must_have_icon_set/Positive/Positive_256x256.png
PNG,32,Positive,Positive_32x32,E:/X/dev/ICONS/must_have_icons_icons_pack_120704/must_have_icon_set/Positive/Positive_32x32.png
PNG,48,Positive,Positive_48x48,E:/X/dev/ICONS/must_have_icons_icons_pack_120704/must_have_icon_set/Positive/Positive_48x48.png
PNG,16,Presentation,Presentation_16x16,E:/X/dev/ICONS/must_have_icons_icons_pack_120704/must_have_icon_set/Presentation/Presentation_16x16.png
PNG,24,Presentation,Presentation_24x24,E:/X/dev/ICONS/must_have_icons_icons_pack_120704/must_have_icon_set/Presentation/Presentation_24x24.png
PNG,256,Presentation,Presentation_256x256,E:/X/dev/ICONS/must_have_icons_icons_pack_120704/must_have_icon_set/Presentation/Presentation_256x256.png
PNG,32,Presentation,Presentation_32x32,E:/X/dev/ICONS/must_have_icons_icons_pack_120704/must_have_icon_set/Presentation/Presentation_32x32.png
PNG,48,Presentation,Presentation_48x48,E:/X/dev/ICONS/must_have_icons_icons_pack_120704/must_have_icon_set/Presentation/Presentation_48x48.png
PNG,16,Preview,Preview_16x16,E:/X/dev/ICONS/must_have_icons_icons_pack_120704/must_have_icon_set/Preview/Preview_16x16.png
PNG,24,Preview,Preview_24x24,E:/X/dev/ICONS/must_have_icons_icons_pack_120704/must_have_icon_set/Preview/Preview_24x24.png
PNG,256,Preview,Preview_256x256,E:/X/dev/ICONS/must_have_icons_icons_pack_120704/must_have_icon_set/Preview/Preview_256x256.png
PNG,32,Preview,Preview_32x32,E:/X/dev/ICONS/must_have_icons_icons_pack_120704/must_have_icon_set/Preview/Preview_32x32.png
PNG,48,Preview,Preview_48x48,E:/X/dev/ICONS/must_have_icons_icons_pack_120704/must_have_icon_set/Preview/Preview_48x48.png
PNG,16,Previous,Previous_16x16,E:/X/dev/ICONS/must_have_icons_icons_pack_120704/must_have_icon_set/Previous/Previous_16x16.png
PNG,24,Previous,Previous_24x24,E:/X/dev/ICONS/must_have_icons_icons_pack_120704/must_have_icon_set/Previous/Previous_24x24.png
PNG,256,Previous,Previous_256x256,E:/X/dev/ICONS/must_have_icons_icons_pack_120704/must_have_icon_set/Previous/Previous_256x256.png
PNG,32,Previous,Previous_32x32,E:/X/dev/ICONS/must_have_icons_icons_pack_120704/must_have_icon_set/Previous/Previous_32x32.png
PNG,48,Previous,Previous_48x48,E:/X/dev/ICONS/must_have_icons_icons_pack_120704/must_have_icon_set/Previous/Previous_48x48.png
PNG,16,Print,Print_16x16,E:/X/dev/ICONS/must_have_icons_icons_pack_120704/must_have_icon_set/Print/Print_16x16.png
PNG,24,Print,Print_24x24,E:/X/dev/ICONS/must_have_icons_icons_pack_120704/must_have_icon_set/Print/Print_24x24.png
PNG,256,Print,Print_256x256,E:/X/dev/ICONS/must_have_icons_icons_pack_120704/must_have_icon_set/Print/Print_256x256.png
PNG,32,Print,Print_32x32,E:/X/dev/ICONS/must_have_icons_icons_pack_120704/must_have_icon_set/Print/Print_32x32.png
PNG,48,Print,Print_48x48,E:/X/dev/ICONS/must_have_icons_icons_pack_120704/must_have_icon_set/Print/Print_48x48.png
PNG,16,Properties,Properties_16x16,E:/X/dev/ICONS/must_have_icons_icons_pack_120704/must_have_icon_set/Properties/Properties_16x16.png
PNG,24,Properties,Properties_24x24,E:/X/dev/ICONS/must_have_icons_icons_pack_120704/must_have_icon_set/Properties/Properties_24x24.png
PNG,256,Properties,Properties_256x256,E:/X/dev/ICONS/must_have_icons_icons_pack_120704/must_have_icon_set/Properties/Properties_256x256.png
PNG,32,Properties,Properties_32x32,E:/X/dev/ICONS/must_have_icons_icons_pack_120704/must_have_icon_set/Properties/Properties_32x32.png
PNG,48,Properties,Properties_48x48,E:/X/dev/ICONS/must_have_icons_icons_pack_120704/must_have_icon_set/Properties/Properties_48x48.png
PNG,16,Redo,Redo_16x16,E:/X/dev/ICONS/must_have_icons_icons_pack_120704/must_have_icon_set/Redo/Redo_16x16.png
PNG,24,Redo,Redo_24x24,E:/X/dev/ICONS/must_have_icons_icons_pack_120704/must_have_icon_set/Redo/Redo_24x24.png
PNG,256,Redo,Redo_256x256,E:/X/dev/ICONS/must_have_icons_icons_pack_120704/must_have_icon_set/Redo/Redo_256x256.png
PNG,32,Redo,Redo_32x32,E:/X/dev/ICONS/must_have_icons_icons_pack_120704/must_have_icon_set/Redo/Redo_32x32.png
PNG,48,Redo,Redo_48x48,E:/X/dev/ICONS/must_have_icons_icons_pack_120704/must_have_icon_set/Redo/Redo_48x48.png
PNG,16,Refresh,Refresh_16x16,E:/X/dev/ICONS/must_have_icons_icons_pack_120704/must_have_icon_set/Refresh/Refresh_16x16.png
PNG,24,Refresh,Refresh_24x24,E:/X/dev/ICONS/must_have_icons_icons_pack_120704/must_have_icon_set/Refresh/Refresh_24x24.png
PNG,256,Refresh,Refresh_256x256,E:/X/dev/ICONS/must_have_icons_icons_pack_120704/must_have_icon_set/Refresh/Refresh_256x256.png
PNG,32,Refresh,Refresh_32x32,E:/X/dev/ICONS/must_have_icons_icons_pack_120704/must_have_icon_set/Refresh/Refresh_32x32.png
PNG,48,Refresh,Refresh_48x48,E:/X/dev/ICONS/must_have_icons_icons_pack_120704/must_have_icon_set/Refresh/Refresh_48x48.png
PNG,16,Remove,Remove_16x16,E:/X/dev/ICONS/must_have_icons_icons_pack_120704/must_have_icon_set/Remove/Remove_16x16.png
PNG,24,Remove,Remove_24x24,E:/X/dev/ICONS/must_have_icons_icons_pack_120704/must_have_icon_set/Remove/Remove_24x24.png
PNG,256,Remove,Remove_256x256,E:/X/dev/ICONS/must_have_icons_icons_pack_120704/must_have_icon_set/Remove/Remove_256x256.png
PNG,32,Remove,Remove_32x32,E:/X/dev/ICONS/must_have_icons_icons_pack_120704/must_have_icon_set/Remove/Remove_32x32.png
PNG,48,Remove,Remove_48x48,E:/X/dev/ICONS/must_have_icons_icons_pack_120704/must_have_icon_set/Remove/Remove_48x48.png
PNG,16,Rename,Rename_16x16,E:/X/dev/ICONS/must_have_icons_icons_pack_120704/must_have_icon_set/Rename/Rename_16x16.png
PNG,24,Rename,Rename_24x24,E:/X/dev/ICONS/must_have_icons_icons_pack_120704/must_have_icon_set/Rename/Rename_24x24.png
PNG,256,Rename,Rename_256x256,E:/X/dev/ICONS/must_have_icons_icons_pack_120704/must_have_icon_set/Rename/Rename_256x256.png
PNG,32,Rename,Rename_32x32,E:/X/dev/ICONS/must_have_icons_icons_pack_120704/must_have_icon_set/Rename/Rename_32x32.png
PNG,48,Rename,Rename_48x48,E:/X/dev/ICONS/must_have_icons_icons_pack_120704/must_have_icon_set/Rename/Rename_48x48.png
PNG,16,Save,Save_16x16,E:/X/dev/ICONS/must_have_icons_icons_pack_120704/must_have_icon_set/Save/Save_16x16.png
PNG,24,Save,Save_24x24,E:/X/dev/ICONS/must_have_icons_icons_pack_120704/must_have_icon_set/Save/Save_24x24.png
PNG,256,Save,Save_256x256,E:/X/dev/ICONS/must_have_icons_icons_pack_120704/must_have_icon_set/Save/Save_256x256.png
PNG,32,Save,Save_32x32,E:/X/dev/ICONS/must_have_icons_icons_pack_120704/must_have_icon_set/Save/Save_32x32.png
PNG,48,Save,Save_48x48,E:/X/dev/ICONS/must_have_icons_icons_pack_120704/must_have_icon_set/Save/Save_48x48.png
PNG,16,Search,Search_16x16,E:/X/dev/ICONS/must_have_icons_icons_pack_120704/must_have_icon_set/Search/Search_16x16.png
PNG,24,Search,Search_24x24,E:/X/dev/ICONS/must_have_icons_icons_pack_120704/must_have_icon_set/Search/Search_24x24.png
PNG,256,Search,Search_256x256,E:/X/dev/ICONS/must_have_icons_icons_pack_120704/must_have_icon_set/Search/Search_256x256.png
PNG,32,Search,Search_32x32,E:/X/dev/ICONS/must_have_icons_icons_pack_120704/must_have_icon_set/Search/Search_32x32.png
PNG,48,Search,Search_48x48,E:/X/dev/ICONS/must_have_icons_icons_pack_120704/must_have_icon_set/Search/Search_48x48.png
PNG,16,Send,Send_16x16,E:/X/dev/ICONS/must_have_icons_icons_pack_120704/must_have_icon_set/Send/Send_16x16.png
PNG,24,Send,Send_24x24,E:/X/dev/ICONS/must_have_icons_icons_pack_120704/must_have_icon_set/Send/Send_24x24.png
PNG,256,Send,Send_256x256,E:/X/dev/ICONS/must_have_icons_icons_pack_120704/must_have_icon_set/Send/Send_256x256.png
PNG,32,Send,Send_32x32,E:/X/dev/ICONS/must_have_icons_icons_pack_120704/must_have_icon_set/Send/Send_32x32.png
PNG,48,Send,Send_48x48,E:/X/dev/ICONS/must_have_icons_icons_pack_120704/must_have_icon_set/Send/Send_48x48.png
PNG,16,Settings,Settings_16x16,E:/X/dev/ICONS/must_have_icons_icons_pack_120704/must_have_icon_set/Settings/Settings_16x16.png
PNG,24,Settings,Settings_24x24,E:/X/dev/ICONS/must_have_icons_icons_pack_120704/must_have_icon_set/Settings/Settings_24x24.png
PNG,256,Settings,Settings_256x256,E:/X/dev/ICONS/must_have_icons_icons_pack_120704/must_have_icon_set/Settings/Settings_256x256.png
PNG,32,Settings,Settings_32x32,E:/X/dev/ICONS/must_have_icons_icons_pack_120704/must_have_icon_set/Settings/Settings_32x32.png
PNG,48,Settings,Settings_48x48,E:/X/dev/ICONS/must_have_icons_icons_pack_120704/must_have_icon_set/Settings/Settings_48x48.png
PNG,16,Stock Index Down,Stock Index Down_16x16,E:/X/dev/ICONS/must_have_icons_icons_pack_120704/must_have_icon_set/Stock Index Down/Stock Index Down_16x16.png
PNG,24,Stock Index Down,Stock Index Down_24x24,E:/X/dev/ICONS/must_have_icons_icons_pack_120704/must_have_icon_set/Stock Index Down/Stock Index Down_24x24.png
PNG,256,Stock Index Down,Stock Index Down_256x256,E:/X/dev/ICONS/must_have_icons_icons_pack_120704/must_have_icon_set/Stock Index Down/Stock Index Down_256x256.png
PNG,32,Stock Index Down,Stock Index Down_32x32,E:/X/dev/ICONS/must_have_icons_icons_pack_120704/must_have_icon_set/Stock Index Down/Stock Index Down_32x32.png
PNG,48,Stock Index Down,Stock Index Down_48x48,E:/X/dev/ICONS/must_have_icons_icons_pack_120704/must_have_icon_set/Stock Index Down/Stock Index Down_48x48.png
PNG,16,Stock Index Up,Stock Index Up_16x16,E:/X/dev/ICONS/must_have_icons_icons_pack_120704/must_have_icon_set/Stock Index Up/Stock Index Up_16x16.png
PNG,24,Stock Index Up,Stock Index Up_24x24,E:/X/dev/ICONS/must_have_icons_icons_pack_120704/must_have_icon_set/Stock Index Up/Stock Index Up_24x24.png
PNG,256,Stock Index Up,Stock Index Up_256x256,E:/X/dev/ICONS/must_have_icons_icons_pack_120704/must_have_icon_set/Stock Index Up/Stock Index Up_256x256.png
PNG,32,Stock Index Up,Stock Index Up_32x32,E:/X/dev/ICONS/must_have_icons_icons_pack_120704/must_have_icon_set/Stock Index Up/Stock Index Up_32x32.png
PNG,48,Stock Index Up,Stock Index Up_48x48,E:/X/dev/ICONS/must_have_icons_icons_pack_120704/must_have_icon_set/Stock Index Up/Stock Index Up_48x48.png
PNG,16,Stop,Stop_16x16,E:/X/dev/ICONS/must_have_icons_icons_pack_120704/must_have_icon_set/Stop/Stop_16x16.png
PNG,24,Stop,Stop_24x24,E:/X/dev/ICONS/must_have_icons_icons_pack_120704/must_have_icon_set/Stop/Stop_24x24.png
PNG,256,Stop,Stop_256x256,E:/X/dev/ICONS/must_have_icons_icons_pack_120704/must_have_icon_set/Stop/Stop_256x256.png
PNG,32,Stop,Stop_32x32,E:/X/dev/ICONS/must_have_icons_icons_pack_120704/must_have_icon_set/Stop/Stop_32x32.png
PNG,48,Stop,Stop_48x48,E:/X/dev/ICONS/must_have_icons_icons_pack_120704/must_have_icon_set/Stop/Stop_48x48.png
PNG,16,Synchronize,Synchronize_16x16,E:/X/dev/ICONS/must_have_icons_icons_pack_120704/must_have_icon_set/Synchronize/Synchronize_16x16.png
PNG,24,Synchronize,Synchronize_24x24,E:/X/dev/ICONS/must_have_icons_icons_pack_120704/must_have_icon_set/Synchronize/Synchronize_24x24.png
PNG,256,Synchronize,Synchronize_256x256,E:/X/dev/ICONS/must_have_icons_icons_pack_120704/must_have_icon_set/Synchronize/Synchronize_256x256.png
PNG,32,Synchronize,Synchronize_32x32,E:/X/dev/ICONS/must_have_icons_icons_pack_120704/must_have_icon_set/Synchronize/Synchronize_32x32.png
PNG,48,Synchronize,Synchronize_48x48,E:/X/dev/ICONS/must_have_icons_icons_pack_120704/must_have_icon_set/Synchronize/Synchronize_48x48.png
PNG,16,Text Document,Text Document_16x16,E:/X/dev/ICONS/must_have_icons_icons_pack_120704/must_have_icon_set/Text Document/Text Document_16x16.png
PNG,24,Text Document,Text Document_24x24,E:/X/dev/ICONS/must_have_icons_icons_pack_120704/must_have_icon_set/Text Document/Text Document_24x24.png
PNG,256,Text Document,Text Document_256x256,E:/X/dev/ICONS/must_have_icons_icons_pack_120704/must_have_icon_set/Text Document/Text Document_256x256.png
PNG,32,Text Document,Text Document_32x32,E:/X/dev/ICONS/must_have_icons_icons_pack_120704/must_have_icon_set/Text Document/Text Document_32x32.png
PNG,48,Text Document,Text Document_48x48,E:/X/dev/ICONS/must_have_icons_icons_pack_120704/must_have_icon_set/Text Document/Text Document_48x48.png
PNG,16,Undo,Undo_16x16,E:/X/dev/ICONS/must_have_icons_icons_pack_120704/must_have_icon_set/Undo/Undo_16x16.png
PNG,24,Undo,Undo_24x24,E:/X/dev/ICONS/must_have_icons_icons_pack_120704/must_have_icon_set/Undo/Undo_24x24.png
PNG,256,Undo,Undo_256x256,E:/X/dev/ICONS/must_have_icons_icons_pack_120704/must_have_icon_set/Undo/Undo_256x256.png
PNG,32,Undo,Undo_32x32,E:/X/dev/ICONS/must_have_icons_icons_pack_120704/must_have_icon_set/Undo/Undo_32x32.png
PNG,48,Undo,Undo_48x48,E:/X/dev/ICONS/must_have_icons_icons_pack_120704/must_have_icon_set/Undo/Undo_48x48.png
PNG,16,Upload,Upload_16x16,E:/X/dev/ICONS/must_have_icons_icons_pack_120704/must_have_icon_set/Upload/Upload_16x16.png
PNG,24,Upload,Upload_24x24,E:/X/dev/ICONS/must_have_icons_icons_pack_120704/must_have_icon_set/Upload/Upload_24x24.png
PNG,256,Upload,Upload_256x256,E:/X/dev/ICONS/must_have_icons_icons_pack_120704/must_have_icon_set/Upload/Upload_256x256.png
PNG,32,Upload,Upload_32x32,E:/X/dev/ICONS/must_have_icons_icons_pack_120704/must_have_icon_set/Upload/Upload_32x32.png
PNG,48,Upload,Upload_48x48,E:/X/dev/ICONS/must_have_icons_icons_pack_120704/must_have_icon_set/Upload/Upload_48x48.png
PNG,16,User,User_16x16,E:/X/dev/ICONS/must_have_icons_icons_pack_120704/must_have_icon_set/User/User_16x16.png
PNG,24,User,User_24x24,E:/X/dev/ICONS/must_have_icons_icons_pack_120704/must_have_icon_set/User/User_24x24.png
PNG,256,User,User_256x256,E:/X/dev/ICONS/must_have_icons_icons_pack_120704/must_have_icon_set/User/User_256x256.png
PNG,32,User,User_32x32,E:/X/dev/ICONS/must_have_icons_icons_pack_120704/must_have_icon_set/User/User_32x32.png
PNG,48,User,User_48x48,E:/X/dev/ICONS/must_have_icons_icons_pack_120704/must_have_icon_set/User/User_48x48.png
PNG,16,Zoom In,Zoom In_16x16,E:/X/dev/ICONS/must_have_icons_icons_pack_120704/must_have_icon_set/Zoom In/Zoom In_16x16.png
PNG,24,Zoom In,Zoom In_24x24,E:/X/dev/ICONS/must_have_icons_icons_pack_120704/must_have_icon_set/Zoom In/Zoom In_24x24.png
PNG,256,Zoom In,Zoom In_256x256,E:/X/dev/ICONS/must_have_icons_icons_pack_120704/must_have_icon_set/Zoom In/Zoom In_256x256.png
PNG,32,Zoom In,Zoom In_32x32,E:/X/dev/ICONS/must_have_icons_icons_pack_120704/must_have_icon_set/Zoom In/Zoom In_32x32.png
PNG,48,Zoom In,Zoom In_48x48,E:/X/dev/ICONS/must_have_icons_icons_pack_120704/must_have_icon_set/Zoom In/Zoom In_48x48.png
PNG,16,Zoom Out,Zoom Out_16x16,E:/X/dev/ICONS/must_have_icons_icons_pack_120704/must_have_icon_set/Zoom Out/Zoom Out_16x16.png
PNG,24,Zoom Out,Zoom Out_24x24,E:/X/dev/ICONS/must_have_icons_icons_pack_120704/must_have_icon_set/Zoom Out/Zoom Out_24x24.png
PNG,256,Zoom Out,Zoom Out_256x256,E:/X/dev/ICONS/must_have_icons_icons_pack_120704/must_have_icon_set/Zoom Out/Zoom Out_256x256.png
PNG,32,Zoom Out,Zoom Out_32x32,E:/X/dev/ICONS/must_have_icons_icons_pack_120704/must_have_icon_set/Zoom Out/Zoom Out_32x32.png
PNG,48,Zoom Out,Zoom Out_48x48,E:/X/dev/ICONS/must_have_icons_icons_pack_120704/must_have_icon_set/Zoom Out/Zoom Out_48x48.png
PNG,32,icons,vim32x32,E:/X/dev/ICONS/Windows-Terminal-Tips-Tricks-and-Productivity-Hacks-main/Chapter 04/icons/vim32x32.png
PNG,192,public,logo192,E:/X/dev/ICONS/Windows-Terminal-Tips-Tricks-and-Productivity-Hacks-main/Chapter 11/my-app/public/logo192.png
PNG,512,public,logo512,E:/X/dev/ICONS/Windows-Terminal-Tips-Tricks-and-Productivity-Hacks-main/Chapter 11/my-app/public/logo512.png
